hsa-mir-519e,0
hsa-mir-1225,1
hsa-miR-320a,2
hsa-mir-323b,3
hsa-mir-6749,4
hsa-mir-371a-3p,5
hsa-mir-1233-3p,6
hsa-mir-632,7
hsa-mir-26a-2-3p,8
hsa-mir-939-3p,9
hsa-mir-515-2,10
hsa-miR-3909,11
hsa-miR-372-3p,12
hsa-miR-3671,13
hsa-mir-650,14
hsa-mir-7844,15
hsa-miR-4429,16
hsa-miR-943,17
hsa-miR-3689e,18
hsa-mir-525-5p,19
hsa-miR-4504,20
hsa-mir-5000-3p,21
hsa-mir-606,22
hsa-mir-7847,23
hsa-mir-93,24
hsa-mir-629,25
hsa-mir-196b,26
hsa-mir-329-1,27
hsa-mir-4726-3p,28
hsa-miR-3621,29
hsa-mir-511,30
hsa-mir-3168,31
hsa-mir-184,32
hsa-mir-4436b-1,33
hsa-miR-4463,34
hsa-miR-3657,35
hsa-mir-1247-5p,36
hsa-miR-4262,37
hsa-mir-524,38
hsa-miR-519b-3p,39
hsa-miR-1908-3p,40
hsa-mir-3144-5p,41
hsa-mir-4665,42
hsa-mir-301a-3p,43
hsa-miR-548f-3p,44
hsa-mir-15b,45
hsa-mir-200a,46
hsa-mir-199b,47
hsa-mir-4310,48
hsa-miR-5194,49
hsa-miR-6768-3p,50
hsa-mir-221,51
hsa-miR-2117,52
hsa-miR-4716-3p,53
hsa-mir-4798,54
hsa-mir-873-5p,55
hsa-miR-4659a-3p,56
hsa-mir-564,57
hsa-miR-4785,58
hsa-mir-603,59
hsa-mir-195-5p,60
hsa-mir-3649,61
hsa-miR-5008-3p,62
hsa-mir-4292,63
hsa-miR-6827-3p,64
hsa-mir-520a-3p,65
hsa-mir-376c-3p,66
hsa-miR-4470,67
hsa-mir-941,68
hsa-miR-4503,69
hsa-mir-3126,70
hsa-miR-1255a,71
hsa-miR-6742-3p,72
hsa-miR-4491,73
hsa-miR-4753-3p,74
hsa-mir-3130-3p,75
hsa-mir-338,76
hsa-mir-2114,77
hsa-mir-4298,78
hsa-mir-8061,79
hsa-mir-148a-3p,80
hsa-mir-509-1,81
hsa-mir-519a-3p,82
hsa-miR-6772-3p,83
hsa-miR-3128,84
hsa-mir-4689,85
hsa-miR-586,86
hsa-mir-6782,87
hsa-mir-92b,88
hsa-mir-561,89
hsa-mir-4252,90
hsa-mir-1827,91
hsa-mir-518a-3p,92
hsa-mir-16-1,93
hsa-mir-345,94
hsa-mir-504,95
hsa-mir-4803,96
hsa-mir-1262,97
hsa-mir-1260b,98
hsa-miR-4676-3p,99
hsa-miR-4303,100
hsa-mir-133a-1,101
hsa-miR-4686,102
hsa-mir-892a,103
hsa-miR-3605-3p,104
hsa-miR-518f-3p,105
hsa-mir-2861,106
hsa-miR-30a-3p,107
hsa-miR-125a-3p,108
hsa-miR-4328,109
hsa-miR-302e,110
hsa-miR-4316,111
hsa-miR-4257,112
hsa-mir-3150a,113
hsa-miR-642a-3p,114
hsa-mir-550b-2-5p,115
hsa-mir-4726-5p,116
hsa-mir-4639-3p,117
hsa-mir-6792,118
hsa-miR-134-3p,119
hsa-mir-10527,120
hsa-mir-30c-2-3p,121
hsa-mir-1539,122
hsa-mir-665,123
hsa-mir-7107-5p,124
hsa-mir-143-5p,125
hsa-mir-1247,126
hsa-mir-4674,127
hsa-mir-1285-5p,128
hsa-mir-6089,129
hsa-mir-2052,130
hsa-mir-625,131
hsa-mir-5591,132
hsa-mir-16-2,133
hsa-mir-611,134
hsa-mir-93-3p,135
hsa-mir-23b-5p,136
hsa-miR-4418,137
hsa-miR-7150,138
hsa-miR-5698,139
hsa-mir-190a-3p,140
hsa-mir-1-2,141
hsa-mir-6764,142
hsa-mir-6777,143
hsa-mir-190a,144
hsa-mir-3151-5p,145
hsa-mir-92a-2,146
hsa-mir-7161,147
hsa-mir-3654,148
hsa-miR-6509-3p,149
hsa-mir-331,150
hsa-mir-6720-5p,151
hsa-miR-4524b-3p,152
hsa-mir-6856,153
hsa-mir-5195,154
hsa-mir-4497,155
hsa-miR-199b-3p,156
hsa-mir-579-5p,157
hsa-mir-873-3p,158
hsa-miR-4500,159
hsa-mir-377,160
hsa-mir-548d-1,161
hsa-mir-4537,162
hsa-mir-203a-5p,163
hsa-miR-4255,164
hsa-miR-342-3p,165
hsa-mir-7641,166
hsa-miR-506-3p,167
hsa-mir-520e,168
hsa-mir-556,169
hsa-miR-4539,170
hsa-mir-4328,171
hsa-miR-374c-3p,172
hsa-miR-630,173
hsa-miR-1179,174
hsa-miR-6787-3p,175
hsa-mir-1292-5p,176
hsa-miR-2116-3p,177
hsa-mir-4521,178
hsa-mir-324-5p,179
hsa-miR-4772-3p,180
hsa-mir-381-3p,181
hsa-mir-597-3p,182
hsa-mir-6869-5p,183
hsa-mir-425-5p,184
hsa-mir-4786,185
hsa-miR-6782-3p,186
hsa-mir-3177-3p,187
hsa-miR-548bb-3p,188
hsa-mir-211-3p,189
hsa-mir-520f-5p,190
hsa-miR-4286,191
hsa-miR-300,192
hsa-miR-7977,193
hsa-miR-6762-3p,194
hsa-mir-342,195
hsa-mir-487a-5p,196
hsa-miR-1471,197
hsa-mir-29b-3p,198
hsa-mir-1306,199
hsa-mir-619-3p,200
hsa-mir-663a,201
hsa-miR-645,202
hsa-miR-5090,203
hsa-mir-4460,204
hsa-mir-1302-7,205
hsa-mir-194-5p,206
hsa-miR-21-3p,207
hsa-miR-206,208
hsa-miR-219a-2-3p,209
hsa-miR-671-3p,210
hsa-mir-4709-3p,211
hsa-mir-8081,212
hsa-mir-1302-1,213
hsa-mir-2682-5p,214
hsa-mir-378a,215
hsa-mir-4282,216
hsa-miR-3925-3p,217
hsa-mir-450b-3p,218
hsa-miR-5001-3p,219
hsa-mir-520g,220
hsa-mir-6785,221
hsa-miR-3180-3p,222
hsa-miR-4440,223
hsa-mir-8063,224
hsa-mir-193a-3p,225
hsa-mir-676-3p,226
hsa-miR-4264,227
hsa-mir-539-5p,228
hsa-miR-660-3p,229
hsa-miR-5696,230
hsa-mir-660-3p,231
hsa-miR-5584-3p,232
hsa-miR-592,233
hsa-mir-412,234
hsa-mir-7975,235
hsa-mir-23a-5p,236
hsa-miR-552-3p,237
hsa-mir-320d,238
hsa-miR-4441,239
hsa-miR-653-3p,240
hsa-miR-2355-3p,241
hsa-mir-498,242
hsa-miR-6840-3p,243
hsa-mir-4447,244
hsa-miR-4778-3p,245
hsa-let-7a-3p,246
hsa-mir-1913,247
hsa-miR-4647,248
hsa-mir-5091,249
hsa-miR-3613-3p,250
hsa-mir-301a-5p,251
hsa-mir-3195,252
hsa-mir-4484,253
hsa-miR-574-3p,254
hsa-miR-7109-3p,255
hsa-mir-337-3p,256
hsa-mir-1306-5p,257
hsa-mir-6836,258
hsa-mir-4482,259
hsa-miR-4505,260
hsa-mir-5701,261
hsa-mir-1285-1,262
hsa-mir-3126-5p,263
hsa-mir-373-3p,264
hsa-miR-4269,265
hsa-miR-4722-3p,266
hsa-mir-520a-5p,267
hsa-mir-3614-3p,268
hsa-mir-4697,269
hsa-mir-4695-3p,270
hsa-miR-6826-3p,271
hsa-miR-6802-3p,272
hsa-mir-935,273
hsa-mir-4444-2,274
hsa-miR-520g-3p,275
hsa-miR-3176,276
hsa-miR-1203,277
hsa-mir-1471,278
hsa-mir-216a,279
hsa-mir-1178-3p,280
hsa-mir-4666a-3p,281
hsa-mir-147b,282
hsa-mir-6075,283
hsa-mir-517-5p,284
hsa-mir-30e-3p,285
hsa-mir-452-3p,286
hsa-mir-92a-1,287
hsa-mir-1185-1-3p,288
hsa-miR-938,289
hsa-mir-5188,290
hsa-mir-103a-3p,291
hsa-mir-526b,292
hsa-mir-4320,293
hsa-mir-5047,294
hsa-mir-8074,295
hsa-miR-6090,296
hsa-mir-6125,297
hsa-mir-7978,298
hsa-mir-5589,299
hsa-mir-6501,300
hsa-mir-940,301
hsa-miR-5701,302
hsa-mir-3200-5p,303
hsa-mir-135b,304
hsa-mir-499b-5p,305
hsa-mir-3940-3p,306
hsa-mir-3144,307
hsa-miR-548y,308
hsa-miR-3915,309
hsa-mir-486-2,310
hsa-mir-142,311
hsa-miR-30e-3p,312
hsa-miR-541-3p,313
hsa-mir-1302-8,314
hsa-miR-642b-3p,315
hsa-miR-643,316
hsa-miR-5690,317
hsa-miR-6791-3p,318
hsa-miR-1246,319
hsa-miR-3977,320
hsa-miR-4713-3p,321
hsa-miR-5047,322
hsa-mir-4435-1,323
hsa-miR-6749-3p,324
hsa-miR-4691-3p,325
hsa-mir-7974,326
hsa-mir-514a-5p,327
hsa-miR-4302,328
hsa-miR-4707-3p,329
hsa-miR-639,330
hsa-miR-6736-3p,331
hsa-miR-5702,332
hsa-mir-362-5p,333
hsa-miR-378c,334
hsa-miR-4799-3p,335
hsa-mir-296,336
hsa-mir-144-3p,337
hsa-miR-6807-3p,338
hsa-mir-483-3p,339
hsa-miR-1243,340
hsa-miR-3611,341
hsa-miR-5100,342
hsa-mir-4778,343
hsa-mir-320c-2,344
hsa-mir-128-2-5p,345
hsa-mir-1302,346
hsa-miR-651-3p,347
hsa-mir-572,348
hsa-mir-550a-3p,349
hsa-mir-548b-3p,350
hsa-miR-6870-3p,351
hsa-miR-4674,352
hsa-mir-6499,353
hsa-miR-6748-3p,354
hsa-mir-543,355
hsa-mir-4449,356
hsa-miR-1262,357
hsa-mir-7854,358
hsa-miR-3661,359
hsa-miR-4679,360
hsa-mir-1271-3p,361
hsa-mir-147a,362
hsa-miR-890,363
hsa-miR-3065-3p,364
hsa-mir-139-5p,365
hsa-mir-1249,366
hsa-mir-6069,367
hsa-mir-3622a-5p,368
hsa-mir-6798-3p,369
hsa-mir-4510,370
hsa-mir-1277-5p,371
hsa-mir-132-3p,372
hsa-mir-509-3-5p,373
hsa-miR-3186-3p,374
hsa-mir-4779,375
hsa-miR-301a-3p,376
hsa-mir-5189-5p,377
hsa-mir-16-1-3p,378
hsa-mir-376a-2-5p,379
hsa-mir-5007,380
hsa-mir-1322,381
hsa-mir-4754,382
hsa-miR-1236-3p,383
hsa-miR-302f,384
hsa-mir-4758,385
hsa-mir-6789,386
hsa-mir-2053,387
hsa-mir-450a-1,388
hsa-mir-4683,389
hsa-mir-1252-3p,390
hsa-miR-4300,391
hsa-mir-6133,392
hsa-miR-4759,393
hsa-miR-6078,394
hsa-miR-8057,395
hsa-mir-379-3p,396
hsa-mir-941-1,397
hsa-miR-4507,398
hsa-mir-135a-2,399
hsa-miR-8078,400
hsa-mir-6887,401
hsa-mir-4714,402
hsa-mir-2355-5p,403
hsa-mir-103a-2-5p,404
hsa-mir-145,405
hsa-miR-378g,406
hsa-mir-323a,407
hsa-miR-1976,408
hsa-mir-1250,409
hsa-miR-5580-3p,410
hsa-mir-3667-5p,411
hsa-miR-5191,412
hsa-mir-1245b-5p,413
hsa-mir-6503,414
hsa-mir-6076,415
hsa-mir-1284,416
hsa-mir-494,417
hsa-mir-124-5p,418
hsa-miR-4319,419
hsa-mir-128-3p,420
hsa-miR-6861-3p,421
hsa-miR-6830-3p,422
hsa-mir-3607-5p,423
hsa-mir-7109,424
hsa-mir-6090,425
hsa-mir-378d,426
hsa-mir-520c,427
hsa-mir-380-3p,428
hsa-mir-591,429
hsa-miR-1-3p,430
hsa-miR-518d-3p,431
hsa-miR-4513,432
hsa-mir-3622b,433
hsa-miR-4499,434
hsa-mir-105-2,435
hsa-miR-650,436
hsa-miR-587,437
hsa-mir-1228-5p,438
hsa-mir-1302-5,439
hsa-mir-12136,440
hsa-mir-7-3,441
hsa-mir-30d,442
hsa-mir-196a-5p,443
hsa-miR-548ae-3p,444
hsa-mir-6739,445
hsa-miR-374b-3p,446
hsa-mir-938,447
hsa-miR-4694-3p,448
hsa-mir-6840,449
hsa-mir-802,450
hsa-mir-602,451
hsa-mir-510-3p,452
hsa-mir-6729-5p,453
hsa-mir-369-5p,454
hsa-mir-6740,455
hsa-mir-4730,456
hsa-miR-5088-3p,457
hsa-mir-363-5p,458
hsa-mir-708,459
hsa-mir-4323,460
hsa-miR-4521,461
hsa-mir-450b-5p,462
hsa-mir-126-5p,463
hsa-miR-4666b,464
hsa-mir-4640,465
hsa-miR-6724-5p,466
hsa-miR-4529-3p,467
hsa-miR-3196,468
hsa-mir-10b,469
hsa-mir-4770,470
hsa-mir-210-5p,471
hsa-miR-4471,472
hsa-mir-6827,473
hsa-miR-3139,474
hsa-mir-3941,475
hsa-mir-1227-5p,476
hsa-miR-6077,477
hsa-mir-103a-1,478
hsa-mir-320b-1,479
hsa-miR-19a-3p,480
hsa-miR-501-3p,481
hsa-miR-8066,482
hsa-miR-4330,483
hsa-mir-3977,484
hsa-mir-3127-5p,485
hsa-mir-1263,486
hsa-mir-24-1-5p,487
hsa-mir-494-5p,488
hsa-miR-4803,489
hsa-mir-96,490
hsa-mir-3176,491
hsa-mir-203b-3p,492
hsa-mir-433-5p,493
hsa-mir-620,494
hsa-mir-548b-5p,495
hsa-miR-3164,496
hsa-miR-1285-3p,497
hsa-miR-924,498
hsa-mir-520d-5p,499
hsa-miR-6869-3p,500
hsa-mir-4456,501
hsa-mir-8075,502
hsa-miR-520b,503
hsa-mir-4659a,504
hsa-mir-6886,505
hsa-miR-1286,506
hsa-miR-6084,507
hsa-mir-200b-3p,508
hsa-mir-1197,509
hsa-mir-9-1,510
hsa-mir-181b-3p,511
hsa-miR-663a,512
hsa-mir-889-3p,513
hsa-mir-4686,514
hsa-miR-95-3p,515
hsa-mir-6872,516
hsa-mir-129-2,517
hsa-miR-4710,518
hsa-mir-582-5p,519
hsa-miR-4688,520
hsa-miR-558,521
hsa-mir-6799,522
hsa-mir-885,523
hsa-miR-375,524
hsa-mir-329-5p,525
hsa-mir-183-3p,526
hsa-miR-4310,527
hsa-mir-382,528
hsa-mir-2682-3p,529
hsa-miR-4522,530
hsa-mir-150-3p,531
hsa-miR-190b,532
hsa-miR-4719,533
hsa-miR-4454,534
hsa-mir-488-5p,535
hsa-mir-154,536
hsa-miR-3921,537
hsa-mir-103b,538
hsa-mir-5580,539
hsa-mir-766-3p,540
hsa-mir-567,541
hsa-mir-522-3p,542
hsa-mir-891a-3p,543
hsa-miR-379-3p,544
hsa-miR-668-3p,545
hsa-miR-5192,546
hsa-mir-6734-3p,547
hsa-miR-6781-3p,548
hsa-mir-3682-3p,549
hsa-miR-93-3p,550
hsa-miR-3149,551
hsa-miR-4268,552
hsa-mir-1301-3p,553
hsa-mir-556-3p,554
hsa-mir-514a-3p,555
hsa-mir-224,556
hsa-mir-376a-1,557
hsa-mir-548f-5p,558
hsa-miR-614,559
hsa-mir-6716,560
hsa-miR-548d-3p,561
hsa-mir-4529,562
hsa-miR-3200-3p,563
hsa-mir-4782-5p,564
hsa-mir-224-3p,565
hsa-mir-374b,566
hsa-miR-6514-3p,567
hsa-miR-4530,568
hsa-mir-1237-3p,569
hsa-miR-3175,570
hsa-miR-4472,571
hsa-mir-489-3p,572
hsa-miR-532-3p,573
hsa-let-7f-2,574
hsa-miR-200c-3p,575
hsa-miR-891b,576
hsa-mir-302e,577
hsa-miR-548aa,578
hsa-miR-513c-3p,579
hsa-mir-522,580
hsa-miR-4761-3p,581
hsa-mir-1233-5p,582
hsa-mir-3162,583
hsa-miR-4656,584
hsa-miR-3181,585
hsa-miR-449a,586
hsa-mir-6754,587
hsa-miR-3188,588
hsa-miR-4495,589
hsa-miR-3145-3p,590
hsa-mir-7855,591
hsa-miR-103a-3p,592
hsa-miR-874-3p,593
hsa-miR-518b,594
hsa-mir-146b-3p,595
hsa-miR-6805-3p,596
hsa-mir-29c,597
hsa-mir-4538,598
hsa-miR-33a-3p,599
hsa-mir-1304-5p,600
hsa-mir-1288-3p,601
hsa-miR-5091,602
hsa-mir-5001,603
hsa-miR-3202,604
hsa-mir-4652,605
hsa-miR-139-3p,606
hsa-mir-4795-3p,607
hsa-mir-411-5p,608
hsa-mir-6742,609
hsa-miR-877-3p,610
hsa-mir-185-5p,611
hsa-miR-6804-3p,612
hsa-mir-4440,613
hsa-mir-517c-3p,614
hsa-mir-1302-2,615
hsa-mir-486-1,616
hsa-mir-511-3p,617
hsa-miR-548n,618
hsa-mir-6720,619
hsa-mir-6758,620
hsa-mir-300,621
hsa-mir-378g,622
hsa-mir-5739,623
hsa-miR-4701-3p,624
hsa-mir-518d,625
hsa-mir-877,626
hsa-mir-642b-5p,627
hsa-miR-6739-3p,628
hsa-mir-4753-3p,629
hsa-mir-98-5p,630
hsa-miR-3677-3p,631
hsa-mir-3189-5p,632
hsa-miR-4662b,633
hsa-miR-376c-3p,634
hsa-miR-665,635
hsa-mir-759,636
hsa-mir-3162-5p,637
hsa-mir-330-5p,638
hsa-mir-376b-3p,639
hsa-miR-4502,640
hsa-miR-3159,641
hsa-miR-23c,642
hsa-mir-4656,643
hsa-miR-638,644
hsa-mir-586,645
hsa-mir-520f-3p,646
hsa-mir-339-3p,647
hsa-miR-1270,648
hsa-mir-4999,649
hsa-miR-4425,650
hsa-mir-6791,651
hsa-mir-548j,652
hsa-mir-4288,653
hsa-mir-345-3p,654
hsa-miR-302c-3p,655
hsa-miR-1322,656
hsa-miR-5581-3p,657
hsa-miR-3119,658
hsa-miR-4460,659
hsa-mir-5010,660
hsa-mir-10a-5p,661
hsa-mir-1249-5p,662
hsa-miR-22-3p,663
hsa-miR-517a-3p,664
hsa-mir-660-5p,665
hsa-mir-6838-3p,666
hsa-miR-9-3p,667
hsa-mir-193a-5p,668
hsa-mir-3150b,669
hsa-miR-5703,670
hsa-mir-7705,671
hsa-mir-106b-5p,672
hsa-mir-4506,673
hsa-mir-6071,674
hsa-mir-337-5p,675
hsa-miR-8058,676
hsa-mir-27b-3p,677
hsa-miR-3911,678
hsa-mir-1909-3p,679
hsa-mir-500b-5p,680
hsa-miR-4456,681
hsa-mir-4800,682
hsa-miR-7107-3p,683
hsa-mir-204,684
hsa-mir-6836-3p,685
hsa-mir-664a,686
hsa-miR-182-3p,687
hsa-mir-222-3p,688
hsa-miR-3662,689
hsa-mir-6803,690
hsa-mir-3667,691
hsa-miR-623,692
hsa-mir-2909,693
hsa-mir-8080,694
hsa-miR-133a-3p,695
hsa-mir-324,696
hsa-mir-770,697
hsa-miR-935,698
hsa-miR-4762-3p,699
hsa-miR-892a,700
hsa-mir-517c,701
hsa-miR-24-3p,702
hsa-miR-128-3p,703
hsa-miR-483-3p,704
hsa-mir-3664,705
hsa-mir-134-3p,706
hsa-mir-6746,707
hsa-miR-1915-3p,708
hsa-mir-762,709
hsa-miR-3195,710
hsa-miR-6080,711
hsa-mir-203a,712
hsa-miR-23a-3p,713
hsa-mir-599,714
hsa-mir-489-5p,715
hsa-mir-584-5p,716
hsa-miR-4479,717
hsa-miR-1284,718
hsa-mir-3156-3p,719
hsa-mir-4525,720
hsa-mir-4673,721
hsa-miR-6790-3p,722
hsa-miR-298,723
hsa-miR-4678,724
hsa-miR-6893-3p,725
hsa-mir-2113,726
hsa-mir-3664-3p,727
hsa-mir-181d-3p,728
hsa-mir-302a,729
hsa-miR-1225-3p,730
hsa-mir-6867-3p,731
hsa-mir-4666a-5p,732
hsa-mir-551b-5p,733
hsa-miR-4311,734
hsa-mir-219a-2,735
hsa-mir-222,736
hsa-mir-499a-3p,737
hsa-miR-4667-3p,738
hsa-mir-6507,739
hsa-miR-567,740
hsa-miR-378f,741
hsa-miR-1199-3p,742
hsa-miR-4329,743
hsa-mir-513b-3p,744
hsa-mir-891a-5p,745
hsa-mir-548n,746
hsa-mir-4651,747
hsa-mir-3613,748
hsa-mir-516a-1,749
hsa-mir-3120-5p,750
hsa-mir-216a-5p,751
hsa-miR-6891-3p,752
hsa-mir-129-2-3p,753
hsa-mir-1296-3p,754
hsa-mir-1260a,755
hsa-mir-33b-5p,756
hsa-mir-425-3p,757
hsa-mir-486-5p,758
hsa-mir-7109-3p,759
hsa-miR-3686,760
hsa-miR-29b-3p,761
hsa-miR-6795-3p,762
hsa-mir-7114,763
hsa-miR-609,764
hsa-miR-4279,765
hsa-miR-3683,766
hsa-mir-449c-3p,767
hsa-miR-3940-3p,768
hsa-mir-194-3p,769
hsa-miR-5685,770
hsa-mir-218-1-3p,771
hsa-miR-3665,772
hsa-mir-3133,773
hsa-mir-200c,774
hsa-miR-5692a,775
hsa-miR-3125,776
hsa-miR-3689a-3p,777
hsa-mir-19a,778
hsa-mir-5187,779
hsa-mir-5000-5p,780
hsa-mir-6879,781
hsa-mir-4697-3p,782
hsa-miR-3972,783
hsa-miR-6125,784
hsa-mir-3177-5p,785
hsa-miR-4468,786
hsa-miR-8083,787
hsa-mir-4784,788
hsa-mir-185-3p,789
hsa-mir-7-5p,790
hsa-mir-3156-5p,791
hsa-miR-3922-3p,792
hsa-mir-4802,793
hsa-mir-382-3p,794
hsa-mir-4721,795
hsa-mir-103b-2,796
hsa-mir-214-5p,797
hsa-miR-616-3p,798
hsa-mir-1229,799
hsa-miR-299-3p,800
hsa-mir-4732-5p,801
hsa-miR-675-3p,802
hsa-mir-548g,803
hsa-miR-3914,804
hsa-miR-5700,805
hsa-mir-4782,806
hsa-mir-125b-1,807
hsa-miR-4436a,808
hsa-mir-6774,809
hsa-miR-6131,810
hsa-mir-617,811
hsa-mir-200a-3p,812
hsa-mir-4746,813
hsa-mir-548d-2,814
hsa-mir-3200-3p,815
hsa-mir-5581,816
hsa-mir-373,817
hsa-mir-574,818
hsa-mir-3117,819
hsa-mir-513a-5p,820
hsa-miR-4528,821
hsa-mir-6087,822
hsa-mir-10395,823
hsa-miR-527,824
hsa-mir-186-5p,825
hsa-miR-320d,826
hsa-miR-339-3p,827
hsa-mir-1270,828
hsa-mir-212-5p,829
hsa-mir-3691,830
hsa-mir-619-5p,831
hsa-miR-4284,832
hsa-miR-4492,833
hsa-mir-182-3p,834
hsa-miR-4267,835
hsa-miR-4437,836
hsa-mir-5787,837
hsa-miR-4486,838
hsa-miR-8067,839
hsa-mir-6868,840
hsa-let-7a-2,841
hsa-miR-4673,842
hsa-mir-4701-5p,843
hsa-mir-517a,844
hsa-mir-1294,845
hsa-miR-30d-3p,846
hsa-mir-378a-3p,847
hsa-mir-365a-5p,848
hsa-mir-215,849
hsa-mir-532-3p,850
hsa-mir-450a-2-3p,851
hsa-miR-4776-3p,852
hsa-miR-4322,853
hsa-mir-541-3p,854
hsa-mir-7-2,855
hsa-miR-1324,856
hsa-miR-6879-3p,857
hsa-mir-484,858
hsa-mir-767,859
hsa-miR-6754-3p,860
hsa-mir-4715,861
hsa-miR-4766-3p,862
hsa-mir-4732-3p,863
hsa-mir-6799-5p,864
hsa-miR-216a-3p,865
hsa-mir-4795-5p,866
hsa-miR-6858-3p,867
hsa-miR-1283,868
hsa-mir-374c,869
hsa-mir-25-3p,870
hsa-mir-548j-3p,871
hsa-miR-1249-3p,872
hsa-mir-6861-3p,873
hsa-mir-34a,874
hsa-miR-127-3p,875
hsa-miR-4789-3p,876
hsa-miR-4508,877
hsa-miR-6076,878
hsa-miR-4660,879
hsa-miR-4654,880
hsa-miR-495-3p,881
hsa-miR-4253,882
hsa-mir-138-1-3p,883
hsa-mir-758,884
hsa-miR-378j,885
hsa-mir-106b-3p,886
hsa-miR-450a-2-3p,887
hsa-mir-3978,888
hsa-miR-572,889
hsa-mir-593-3p,890
hsa-mir-1243,891
hsa-mir-4669,892
hsa-mir-325,893
hsa-mir-495,894
hsa-mir-424-5p,895
hsa-miR-6844,896
hsa-mir-517b,897
hsa-miR-4433b-3p,898
hsa-mir-585-5p,899
hsa-mir-4461,900
hsa-mir-99a-5p,901
hsa-miR-5186,902
hsa-mir-148a-5p,903
hsa-mir-557,904
hsa-mir-3120-3p,905
hsa-mir-376a-3p,906
hsa-miR-613,907
hsa-mir-1295b-3p,908
hsa-miR-1184,909
hsa-mir-4455,910
hsa-miR-4282,911
hsa-mir-589-3p,912
hsa-mir-30e,913
hsa-mir-6848,914
hsa-mir-616-3p,915
hsa-miR-942-3p,916
hsa-miR-7978,917
hsa-miR-4251,918
hsa-mir-633,919
hsa-mir-548b,920
hsa-mir-5187-3p,921
hsa-miR-5704,922
hsa-mir-6732,923
hsa-miR-578,924
hsa-mir-659,925
hsa-mir-1307-3p,926
hsa-mir-377-5p,927
hsa-mir-1910-5p,928
hsa-mir-1302-6,929
hsa-mir-4709,930
hsa-mir-335,931
hsa-mir-2115,932
hsa-miR-4435,933
hsa-mir-31-5p,934
hsa-mir-607,935
hsa-mir-3658,936
hsa-miR-3137,937
hsa-mir-548a-3p,938
hsa-miR-941,939
hsa-mir-628,940
hsa-mir-376c,941
hsa-mir-27a-5p,942
hsa-mir-4647,943
hsa-mir-637,944
hsa-miR-6865-3p,945
hsa-mir-937-3p,946
hsa-mir-624-5p,947
hsa-mir-4523,948
hsa-mir-518e,949
hsa-mir-5189,950
hsa-mir-621,951
hsa-miR-563,952
hsa-mir-1343-5p,953
hsa-mir-5587,954
hsa-miR-6866-3p,955
hsa-mir-29b-1,956
hsa-mir-877-5p,957
hsa-mir-22,958
hsa-mir-29a,959
hsa-mir-4710,960
hsa-mir-6815,961
hsa-mir-889,962
hsa-miR-6747-3p,963
hsa-miR-367-3p,964
hsa-miR-5009-3p,965
hsa-miR-4271,966
hsa-mir-548a-5p,967
hsa-miR-548am-3p,968
hsa-mir-4723-3p,969
hsa-mir-448,970
hsa-mir-302d,971
hsa-mir-654-5p,972
hsa-mir-4423-3p,973
hsa-miR-545-3p,974
hsa-miR-6832-3p,975
hsa-mir-4421,976
hsa-mir-548d-3p,977
hsa-miR-4428,978
hsa-miR-624-3p,979
hsa-miR-5694,980
hsa-miR-4512,981
hsa-miR-512-3p,982
hsa-miR-4770,983
hsa-mir-216b-3p,984
hsa-mir-1208,985
hsa-mir-2116-5p,986
hsa-miR-4444,987
hsa-mir-595,988
hsa-mir-378f,989
hsa-mir-8055,990
hsa-mir-6853,991
hsa-mir-139-3p,992
hsa-mir-939-5p,993
hsa-miR-6801-3p,994
hsa-mir-4491,995
hsa-mir-302a-5p,996
hsa-mir-628-5p,997
hsa-mir-6124,998
hsa-mir-6861-5p,999
hsa-miR-1253,1000
hsa-mir-652,1001
hsa-mir-3622b-5p,1002
hsa-miR-4327,1003
hsa-miR-8062,1004
hsa-miR-504-3p,1005
hsa-mir-4787-5p,1006
hsa-mir-4769,1007
hsa-miR-764,1008
hsa-miR-889-3p,1009
hsa-miR-2053,1010
hsa-mir-4649-5p,1011
hsa-miR-3923,1012
hsa-mir-1292,1013
hsa-mir-3127,1014
hsa-mir-491-5p,1015
hsa-miR-198,1016
hsa-mir-4458,1017
hsa-miR-4642,1018
hsa-miR-8485,1019
hsa-mir-2355-3p,1020
hsa-mir-190,1021
hsa-mir-4685,1022
hsa-mir-874,1023
hsa-mir-6734-5p,1024
hsa-mir-302b,1025
hsa-mir-383-5p,1026
hsa-mir-4251,1027
hsa-mir-30a-3p,1028
hsa-miR-19b-3p,1029
hsa-mir-640,1030
hsa-miR-548c-3p,1031
hsa-mir-1231,1032
hsa-mir-555,1033
hsa-miR-4718,1034
hsa-miR-3652,1035
hsa-mir-550b-1,1036
hsa-mir-5006,1037
hsa-miR-1183,1038
hsa-mir-1268b,1039
hsa-miR-3619-3p,1040
hsa-miR-1229-3p,1041
hsa-miR-373-3p,1042
hsa-miR-197-3p,1043
hsa-mir-5572,1044
hsa-miR-222-3p,1045
hsa-miR-760,1046
hsa-mir-5191,1047
hsa-mir-5197,1048
hsa-miR-548aj-3p,1049
hsa-miR-647,1050
hsa-mir-6796,1051
hsa-miR-6809-3p,1052
hsa-mir-20b,1053
hsa-miR-648,1054
hsa-mir-499a,1055
hsa-mir-181a-2-3p,1056
hsa-miR-8052,1057
hsa-mir-199a-5p,1058
hsa-mir-3620,1059
hsa-mir-4512,1060
hsa-mir-1285-3p,1061
hsa-mir-651-3p,1062
hsa-mir-3120,1063
hsa-miR-7843-3p,1064
hsa-miR-6851-3p,1065
hsa-mir-6778,1066
hsa-mir-3158-3p,1067
hsa-mir-199a-1,1068
hsa-miR-1268a,1069
hsa-mir-1233-1,1070
hsa-mir-218-2,1071
hsa-miR-1200,1072
hsa-mir-18b,1073
hsa-mir-26a-2,1074
hsa-mir-5692a,1075
hsa-miR-326,1076
hsa-mir-4745,1077
hsa-mir-125b-2,1078
hsa-miR-6129,1079
hsa-mir-18a-5p,1080
hsa-miR-3169,1081
hsa-mir-541,1082
hsa-mir-320b-2,1083
hsa-miR-3668,1084
hsa-mir-7161-5p,1085
hsa-miR-4509,1086
hsa-mir-421,1087
hsa-mir-548f-3p,1088
hsa-mir-6721-5p,1089
hsa-miR-411-3p,1090
hsa-mir-4654,1091
hsa-mir-1224,1092
hsa-mir-20b-5p,1093
hsa-mir-1234-3p,1094
hsa-mir-1302-3,1095
hsa-miR-6126,1096
hsa-miR-3620-3p,1097
hsa-mir-3917,1098
hsa-mir-6736,1099
hsa-miR-934,1100
hsa-miR-3173-3p,1101
hsa-mir-500b-3p,1102
hsa-mir-323b-5p,1103
hsa-mir-514a-3,1104
hsa-mir-1910-3p,1105
hsa-mir-140,1106
hsa-mir-409-3p,1107
hsa-miR-4277,1108
hsa-miR-6783-3p,1109
hsa-miR-6882-3p,1110
hsa-mir-3651,1111
hsa-miR-296-3p,1112
hsa-mir-20a-5p,1113
hsa-miR-3132,1114
hsa-mir-518f,1115
hsa-mir-125a-5p,1116
hsa-mir-758-3p,1117
hsa-miR-1263,1118
hsa-mir-31,1119
hsa-miR-147b,1120
hsa-mir-6833,1121
hsa-miR-328-3p,1122
hsa-miR-363-3p,1123
hsa-miR-3919,1124
hsa-miR-4771,1125
hsa-mir-6869-3p,1126
hsa-mir-6753,1127
hsa-miR-6779-3p,1128
hsa-mir-142-3p,1129
hsa-mir-1272,1130
hsa-mir-561-5p,1131
hsa-miR-4534,1132
hsa-mir-3622a-3p,1133
hsa-miR-2682-3p,1134
hsa-mir-155-3p,1135
hsa-mir-590-5p,1136
hsa-mir-598-5p,1137
hsa-miR-187-3p,1138
hsa-miR-4426,1139
hsa-miR-556-3p,1140
hsa-mir-548an,1141
hsa-mir-671,1142
hsa-miR-297,1143
hsa-mir-378i,1144
hsa-mir-6761,1145
hsa-miR-4537,1146
hsa-miR-6887-3p,1147
hsa-mir-4428,1148
hsa-mir-136,1149
hsa-mir-126,1150
hsa-mir-1261,1151
hsa-miR-520e,1152
hsa-mir-6512,1153
hsa-miR-30c-2-3p,1154
hsa-miR-3926,1155
hsa-mir-4734,1156
hsa-miR-4523,1157
hsa-mir-516b-2,1158
hsa-mir-503-3p,1159
hsa-miR-548m,1160
hsa-mir-1915-5p,1161
hsa-mir-483,1162
hsa-mir-153-1,1163
hsa-miR-3617-3p,1164
hsa-miR-4767,1165
hsa-mir-584,1166
hsa-miR-4446-3p,1167
hsa-mir-23a,1168
hsa-mir-137,1169
hsa-miR-3937,1170
hsa-mir-224-5p,1171
hsa-mir-30b-3p,1172
hsa-mir-4749,1173
hsa-mir-499b,1174
hsa-mir-30c-5p,1175
hsa-mir-6508-3p,1176
hsa-miR-892b,1177
hsa-miR-27b-3p,1178
hsa-miR-5689,1179
hsa-mir-6881,1180
hsa-mir-6878,1181
hsa-mir-487a,1182
hsa-mir-4450,1183
hsa-miR-548i,1184
hsa-miR-4760-3p,1185
hsa-miR-7110-3p,1186
hsa-mir-1253,1187
hsa-mir-629-5p,1188
hsa-miR-4665-3p,1189
hsa-mir-4329,1190
hsa-mir-934,1191
hsa-mir-548l,1192
hsa-miR-18a-3p,1193
hsa-miR-644a,1194
hsa-miR-1289,1195
hsa-miR-4432,1196
hsa-mir-655,1197
hsa-mir-136-3p,1198
hsa-miR-7702,1199
hsa-mir-3160-5p,1200
hsa-miR-509-3p,1201
hsa-miR-7853-5p,1202
hsa-miR-646,1203
hsa-mir-95-3p,1204
hsa-miR-519d-3p,1205
hsa-mir-4775,1206
hsa-miR-8053,1207
hsa-mir-4633-5p,1208
hsa-mir-143,1209
hsa-mir-1193,1210
hsa-mir-550a-3-5p,1211
hsa-mir-5586-3p,1212
hsa-miR-511-3p,1213
hsa-miR-544b,1214
hsa-mir-4269,1215
hsa-mir-4462,1216
hsa-mir-371b,1217
hsa-mir-34c-3p,1218
hsa-mir-410-5p,1219
hsa-miR-7973,1220
hsa-mir-449a,1221
hsa-miR-8072,1222
hsa-mir-619,1223
hsa-miR-761,1224
hsa-mir-548ad,1225
hsa-mir-744,1226
hsa-mir-197-3p,1227
hsa-miR-3179,1228
hsa-mir-216b-5p,1229
hsa-mir-605-3p,1230
hsa-miR-4293,1231
hsa-mir-95-5p,1232
hsa-miR-3144-3p,1233
hsa-mir-6727,1234
hsa-mir-30a-5p,1235
hsa-mir-5584,1236
hsa-mir-144,1237
hsa-mir-3065-3p,1238
hsa-miR-4326,1239
hsa-mir-338-5p,1240
hsa-miR-3134,1241
hsa-mir-548ac,1242
hsa-mir-651-5p,1243
hsa-miR-3150b-3p,1244
hsa-mir-4504,1245
hsa-mir-767-3p,1246
hsa-miR-1973,1247
hsa-miR-1208,1248
hsa-miR-450b-3p,1249
hsa-mir-188-5p,1250
hsa-miR-6848-3p,1251
hsa-let-7b-3p,1252
hsa-miR-802,1253
hsa-miR-3917,1254
hsa-mir-581,1255
hsa-mir-320d-2,1256
hsa-mir-6751,1257
hsa-miR-6504-3p,1258
hsa-miR-548t-3p,1259
hsa-mir-1245b,1260
hsa-miR-3178,1261
hsa-mir-1910,1262
hsa-miR-6752-3p,1263
hsa-miR-4658,1264
hsa-mir-8079,1265
hsa-miR-4458,1266
hsa-mir-4326,1267
hsa-mir-6886-3p,1268
hsa-mir-623,1269
hsa-mir-132,1270
hsa-mir-520d,1271
hsa-mir-7702,1272
hsa-mir-127,1273
hsa-miR-6792-3p,1274
hsa-mir-181a-2,1275
hsa-mir-4295,1276
hsa-mir-570-3p,1277
hsa-mir-208a-3p,1278
hsa-miR-548ap-3p,1279
hsa-miR-496,1280
hsa-mir-518c,1281
hsa-mir-217,1282
hsa-mir-767-5p,1283
hsa-miR-6127,1284
hsa-mir-5586-5p,1285
hsa-miR-6760-3p,1286
hsa-miR-3976,1287
hsa-miR-4475,1288
hsa-mir-129-5p,1289
hsa-miR-762,1290
hsa-mir-3620-5p,1291
hsa-miR-539-3p,1292
hsa-miR-4312,1293
hsa-mir-6729,1294
hsa-mir-1184,1295
hsa-mir-1269a,1296
hsa-miR-3654,1297
hsa-mir-4505,1298
hsa-mir-4274,1299
hsa-miR-199a-3p,1300
hsa-mir-328-3p,1301
hsa-mir-519a-2,1302
hsa-miR-548ag,1303
hsa-mir-31-3p,1304
hsa-mir-323a-3p,1305
hsa-miR-4252,1306
hsa-mir-503-5p,1307
hsa-mir-6873-5p,1308
hsa-mir-6808,1309
hsa-miR-555,1310
hsa-mir-7-1,1311
hsa-miR-4524a-3p,1312
hsa-miR-5699-3p,1313
hsa-miR-1202,1314
hsa-mir-6779,1315
hsa-mir-30b-5p,1316
hsa-miR-4258,1317
hsa-miR-4769-3p,1318
hsa-mir-891a,1319
hsa-mir-4316,1320
hsa-miR-657,1321
hsa-mir-651,1322
hsa-miR-3689d,1323
hsa-miR-4672,1324
hsa-mir-4655,1325
hsa-mir-7704,1326
hsa-miR-28-3p,1327
hsa-miR-4518,1328
hsa-mir-4741,1329
hsa-mir-2682,1330
hsa-mir-520b,1331
hsa-mir-514b-3p,1332
hsa-let-7a-2-3p,1333
hsa-miR-676-3p,1334
hsa-miR-325,1335
hsa-mir-122-5p,1336
hsa-mir-204-5p,1337
hsa-miR-5681b,1338
hsa-miR-640,1339
hsa-miR-217,1340
hsa-miR-1305,1341
hsa-miR-1282,1342
hsa-mir-9-2,1343
hsa-miR-6075,1344
hsa-mir-610,1345
hsa-mir-29a-3p,1346
hsa-miR-582-3p,1347
hsa-mir-8082,1348
hsa-mir-4772,1349
hsa-miR-633,1350
hsa-miR-412-3p,1351
hsa-mir-30c-2,1352
hsa-miR-4493,1353
hsa-miR-4687-3p,1354
hsa-mir-4446-3p,1355
hsa-miR-374a-3p,1356
hsa-miR-4481,1357
hsa-miR-345-3p,1358
hsa-miR-524-3p,1359
hsa-mir-6775-3p,1360
hsa-mir-548am,1361
hsa-mir-548m,1362
hsa-mir-376b-5p,1363
hsa-miR-626,1364
hsa-mir-302b-3p,1365
hsa-miR-6734-3p,1366
hsa-mir-1244,1367
hsa-miR-7856-5p,1368
hsa-miR-621,1369
hsa-mir-518c-3p,1370
hsa-mir-615-3p,1371
hsa-miR-5706,1372
hsa-mir-4742-3p,1373
hsa-miR-223-3p,1374
hsa-mir-6515,1375
hsa-miR-2681-3p,1376
hsa-miR-603,1377
hsa-mir-942,1378
hsa-mir-181b-5p,1379
hsa-mir-222-5p,1380
hsa-miR-3924,1381
hsa-mir-24-2,1382
hsa-miR-7852-3p,1383
hsa-let-7c,1384
hsa-mir-4676,1385
hsa-mir-206,1386
hsa-miR-3941,1387
hsa-mir-519e-3p,1388
hsa-miR-3934-3p,1389
hsa-miR-6849-3p,1390
hsa-mir-518e-3p,1391
hsa-mir-6825,1392
hsa-mir-6750,1393
hsa-miR-7152-3p,1394
hsa-miR-4501,1395
hsa-mir-1269b,1396
hsa-mir-532,1397
hsa-mir-1207,1398
hsa-mir-125a,1399
hsa-mir-4643,1400
hsa-mir-4787-3p,1401
hsa-miR-4478,1402
hsa-miR-6860,1403
hsa-miR-6784-3p,1404
hsa-mir-4324,1405
hsa-miR-5195-3p,1406
hsa-mir-197,1407
hsa-mir-182-5p,1408
hsa-miR-548al,1409
hsa-mir-1292-3p,1410
hsa-miR-664a-3p,1411
hsa-mir-1202,1412
hsa-mir-449b,1413
hsa-miR-6730-3p,1414
hsa-miR-3908,1415
hsa-mir-1299,1416
hsa-miR-3689f,1417
hsa-miR-135b-3p,1418
hsa-mir-548i,1419
hsa-miR-3614-3p,1420
hsa-miR-362-3p,1421
hsa-miR-765,1422
hsa-mir-4299,1423
hsa-miR-1827,1424
hsa-miR-3166,1425
hsa-miR-634,1426
hsa-mir-23c,1427
hsa-mir-6829,1428
hsa-mir-7112,1429
hsa-miR-4306,1430
hsa-miR-4751,1431
hsa-mir-374a,1432
hsa-miR-656-3p,1433
hsa-miR-184,1434
hsa-miR-3660,1435
hsa-mir-573,1436
hsa-miR-4780,1437
hsa-mir-19b-1,1438
hsa-mir-338-3p,1439
hsa-mir-1825,1440
hsa-miR-7845-5p,1441
hsa-mir-15b-3p,1442
hsa-mir-1246,1443
hsa-miR-3197,1444
hsa-mir-6088,1445
hsa-miR-3116,1446
hsa-miR-454-3p,1447
hsa-mir-187-3p,1448
hsa-mir-513b,1449
hsa-mir-8078,1450
hsa-miR-1299,1451
hsa-mir-518a-2,1452
hsa-miR-4455,1453
hsa-mir-373-5p,1454
hsa-miR-152-3p,1455
hsa-miR-4506,1456
hsa-miR-4321,1457
hsa-mir-519b,1458
hsa-let-7f-1,1459
hsa-miR-6766-3p,1460
hsa-mir-205-3p,1461
hsa-mir-7111,1462
hsa-miR-612,1463
hsa-mir-6892,1464
hsa-miR-5684,1465
hsa-mir-329-2,1466
hsa-miR-196a-3p,1467
hsa-mir-625-3p,1468
hsa-mir-4511,1469
hsa-mir-1224-5p,1470
hsa-mir-3074,1471
hsa-mir-3915,1472
hsa-mir-15b-5p,1473
hsa-miR-4467,1474
hsa-mir-509-3p,1475
hsa-mir-6508,1476
hsa-mir-653,1477
hsa-mir-196a-2,1478
hsa-mir-3198,1479
hsa-miR-4651,1480
hsa-mir-100,1481
hsa-mir-4311,1482
hsa-mir-200a-5p,1483
hsa-mir-3130-1,1484
hsa-miR-4480,1485
hsa-miR-4635,1486
hsa-mir-4488,1487
hsa-mir-432,1488
hsa-mir-299-3p,1489
hsa-mir-548t-5p,1490
hsa-mir-4530,1491
hsa-mir-4422,1492
hsa-mir-766,1493
hsa-mir-1287-5p,1494
hsa-miR-6082,1495
hsa-mir-139,1496
hsa-mir-545,1497
hsa-mir-138-5p,1498
hsa-mir-210-3p,1499
hsa-miR-409-3p,1500
hsa-mir-11181,1501
hsa-miR-4283,1502
hsa-mir-6852-3p,1503
hsa-miR-5190,1504
hsa-mir-562,1505
hsa-miR-548as-3p,1506
hsa-mir-3682-5p,1507
hsa-mir-154-3p,1508
hsa-miR-4473,1509
hsa-mir-409-5p,1510
hsa-mir-122b,1511
hsa-mir-601,1512
hsa-miR-1261,1513
hsa-miR-3655,1514
hsa-mir-320c-1,1515
hsa-mir-379,1516
hsa-mir-4692,1517
hsa-mir-27b,1518
hsa-mir-548f-1,1519
hsa-miR-6828-3p,1520
hsa-mir-519e-5p,1521
hsa-mir-3662,1522
hsa-mir-378c,1523
hsa-miR-4519,1524
hsa-miR-5681a,1525
hsa-mir-492,1526
hsa-mir-670-3p,1527
hsa-mir-514b,1528
hsa-mir-4463,1529
hsa-mir-6880-5p,1530
hsa-mir-181d,1531
hsa-mir-3171,1532
hsa-mir-3179-1,1533
hsa-mir-1908-5p,1534
hsa-mir-346,1535
hsa-mir-3127-3p,1536
hsa-mir-489,1537
hsa-mir-1227,1538
hsa-miR-4794,1539
hsa-mir-551b,1540
hsa-mir-3165,1541
hsa-mir-576,1542
hsa-mir-548ag,1543
hsa-mir-7515,1544
hsa-mir-514a-1,1545
hsa-miR-4424,1546
hsa-miR-611,1547
hsa-mir-454-3p,1548
hsa-mir-155-5p,1549
hsa-mir-6828,1550
hsa-miR-6883-3p,1551
hsa-mir-26a-1-3p,1552
hsa-mir-3667-3p,1553
hsa-miR-3973,1554
hsa-miR-8077,1555
hsa-miR-4452,1556
hsa-miR-6780a-3p,1557
hsa-mir-192,1558
hsa-mir-4733,1559
hsa-miR-4791,1560
hsa-mir-219a-5p,1561
hsa-mir-769-3p,1562
hsa-mir-1468,1563
hsa-miR-1469,1564
hsa-mir-122,1565
hsa-mir-28-5p,1566
hsa-mir-3186-3p,1567
hsa-mir-18a-3p,1568
hsa-mir-96-3p,1569
hsa-mir-7106,1570
hsa-mir-449c,1571
hsa-mir-4302,1572
hsa-mir-423-3p,1573
hsa-mir-659-3p,1574
hsa-mir-92a-1-5p,1575
hsa-mir-4317,1576
hsa-miR-1256,1577
hsa-miR-371a-3p,1578
hsa-mir-4691,1579
hsa-mir-3201,1580
hsa-miR-301b-3p,1581
hsa-mir-5088,1582
hsa-mir-519b-5p,1583
hsa-mir-513c,1584
hsa-mir-133b,1585
hsa-mir-5009-3p,1586
hsa-miR-5590-3p,1587
hsa-miR-6165,1588
hsa-miR-4420,1589
hsa-mir-3116,1590
hsa-mir-187,1591
hsa-mir-5692b,1592
hsa-miR-3978,1593
hsa-miR-6818-3p,1594
hsa-mir-624,1595
hsa-mir-614,1596
hsa-mir-371a,1597
hsa-miR-3689b-3p,1598
hsa-miR-4640-3p,1599
hsa-mir-4713,1600
hsa-miR-3692-3p,1601
hsa-miR-7703,1602
hsa-mir-3173,1603
hsa-mir-1843,1604
hsa-mir-4436b-2,1605
hsa-mir-1265,1606
hsa-miR-769-3p,1607
hsa-mir-6787,1608
hsa-mir-9500,1609
hsa-miR-25-3p,1610
hsa-miR-4531,1611
hsa-miR-922,1612
hsa-mir-381-5p,1613
hsa-mir-140-5p,1614
hsa-mir-939,1615
hsa-mir-921,1616
hsa-mir-3131,1617
hsa-miR-365a-3p,1618
hsa-miR-8070,1619
hsa-mir-30b,1620
hsa-mir-655-5p,1621
hsa-mir-550b-3p,1622
hsa-miR-208b-3p,1623
hsa-mir-302c,1624
hsa-miR-1264,1625
hsa-miR-4290,1626
hsa-mir-6783,1627
hsa-miR-4729,1628
hsa-mir-597-5p,1629
hsa-miR-507,1630
hsa-mir-34a-5p,1631
hsa-miR-429,1632
hsa-mir-499a-5p,1633
hsa-miR-4484,1634
hsa-mir-1324,1635
hsa-mir-4263,1636
hsa-mir-6854,1637
hsa-mir-548aq,1638
hsa-mir-943,1639
hsa-mir-186,1640
hsa-mir-3613-5p,1641
hsa-mir-296-3p,1642
hsa-miR-652-3p,1643
hsa-mir-513a-1,1644
hsa-miR-766-3p,1645
hsa-mir-6084,1646
hsa-mir-130b-5p,1647
hsa-miR-4748,1648
hsa-miR-4447,1649
hsa-miR-1279,1650
hsa-mir-4312,1651
hsa-mir-582-3p,1652
hsa-mir-9-3p,1653
hsa-mir-181a-1,1654
hsa-let-7f-2-3p,1655
hsa-mir-544b,1656
hsa-miR-4527,1657
hsa-mir-10a-3p,1658
hsa-mir-216a-3p,1659
hsa-mir-4701,1660
hsa-mir-302c-3p,1661
hsa-miR-3148,1662
hsa-miR-17-3p,1663
hsa-miR-487b-3p,1664
hsa-miR-3183,1665
hsa-mir-143-3p,1666
hsa-mir-199b-5p,1667
hsa-mir-652-3p,1668
hsa-mir-365b,1669
hsa-mir-372,1670
hsa-mir-105-1,1671
hsa-mir-1306-3p,1672
hsa-mir-4650-5p,1673
hsa-mir-1236-5p,1674
hsa-mir-4465,1675
hsa-miR-494-3p,1676
hsa-miR-1587,1677
hsa-miR-3193,1678
hsa-mir-521-2,1679
hsa-miR-571,1680
hsa-mir-671-3p,1681
hsa-mir-4726,1682
hsa-mir-4717-5p,1683
hsa-mir-4479,1684
hsa-mir-596,1685
hsa-mir-642a-3p,1686
hsa-miR-1276,1687
hsa-mir-6509,1688
hsa-mir-4480,1689
hsa-miR-1290,1690
hsa-miR-4313,1691
hsa-mir-875,1692
hsa-miR-4685-3p,1693
hsa-miR-5572,1694
hsa-miR-4490,1695
hsa-miR-193b-3p,1696
hsa-mir-6809,1697
hsa-mir-6853-3p,1698
hsa-miR-4801,1699
hsa-miR-3180,1700
hsa-miR-149-3p,1701
hsa-miR-1268b,1702
hsa-mir-5003-5p,1703
hsa-mir-25-5p,1704
hsa-mir-1972,1705
hsa-mir-548d-5p,1706
hsa-miR-4433a-3p,1707
hsa-mir-6810,1708
hsa-miR-3663-3p,1709
hsa-mir-877-3p,1710
hsa-mir-33a-5p,1711
hsa-miR-3130-3p,1712
hsa-mir-5009,1713
hsa-miR-625-3p,1714
hsa-miR-8076,1715
hsa-mir-1185-1,1716
hsa-mir-339,1717
hsa-mir-501-3p,1718
hsa-mir-1207-5p,1719
hsa-mir-3960,1720
hsa-mir-122-3p,1721
hsa-miR-520f-3p,1722
hsa-mir-551a,1723
hsa-mir-3159,1724
hsa-mir-4454,1725
hsa-mir-340-3p,1726
hsa-mir-4719,1727
hsa-miR-6130,1728
hsa-mir-598,1729
hsa-mir-6747,1730
hsa-mir-639,1731
hsa-miR-4474-3p,1732
hsa-mir-1180,1733
hsa-mir-5584-3p,1734
hsa-miR-607,1735
hsa-mir-4442,1736
hsa-mir-6821,1737
hsa-miR-5579-3p,1738
hsa-miR-8074,1739
hsa-mir-497,1740
hsa-mir-519d-5p,1741
hsa-miR-1248,1742
hsa-mir-552-3p,1743
hsa-mir-4709-5p,1744
hsa-miR-548ah-3p,1745
hsa-miR-548an,1746
hsa-mir-18a,1747
hsa-mir-875-5p,1748
hsa-mir-4782-3p,1749
hsa-miR-4476,1750
hsa-mir-888-5p,1751
hsa-miR-523-3p,1752
hsa-mir-3185,1753
hsa-miR-4736,1754
hsa-mir-4486,1755
hsa-miR-361-3p,1756
hsa-mir-488,1757
hsa-miR-7850-5p,1758
hsa-miR-573,1759
hsa-mir-29b-1-5p,1760
hsa-miR-4533,1761
hsa-mir-1-1,1762
hsa-miR-542-3p,1763
hsa-mir-3160-3p,1764
hsa-miR-4638-3p,1765
hsa-miR-6843-3p,1766
hsa-mir-495-3p,1767
hsa-mir-7706,1768
hsa-mir-4467,1769
hsa-mir-4513,1770
hsa-mir-636,1771
hsa-miR-3160-3p,1772
hsa-miR-3606-3p,1773
hsa-mir-4435,1774
hsa-miR-29c-3p,1775
hsa-mir-181c,1776
hsa-miR-3118,1777
hsa-mir-1267,1778
hsa-miR-4793-3p,1779
hsa-miR-4689,1780
hsa-miR-4469,1781
hsa-mir-342-5p,1782
hsa-miR-380-3p,1783
hsa-miR-4733-3p,1784
hsa-mir-1238-5p,1785
hsa-miR-1275,1786
hsa-miR-1260b,1787
hsa-miR-7706,1788
hsa-miR-569,1789
hsa-miR-4763-3p,1790
hsa-let-7f-1-3p,1791
hsa-mir-3908,1792
hsa-miR-2110,1793
hsa-miR-596,1794
hsa-mir-105-3p,1795
hsa-mir-500a,1796
hsa-miR-4704-3p,1797
hsa-mir-1908,1798
hsa-mir-568,1799
hsa-mir-148b-5p,1800
hsa-miR-564,1801
hsa-mir-6775,1802
hsa-miR-548ai,1803
hsa-mir-876-5p,1804
hsa-miR-4465,1805
hsa-mir-4466,1806
hsa-mir-1976,1807
hsa-mir-377-3p,1808
hsa-mir-202-3p,1809
hsa-mir-491-3p,1810
hsa-mir-4436b-3p,1811
hsa-miR-488-3p,1812
hsa-mir-1304,1813
hsa-mir-1271,1814
hsa-mir-3677-3p,1815
hsa-miR-1273c,1816
hsa-mir-6131,1817
hsa-mir-455-3p,1818
hsa-mir-3142,1819
hsa-mir-302d-5p,1820
hsa-mir-7152-3p,1821
hsa-miR-631,1822
hsa-miR-6878-3p,1823
hsa-mir-3924,1824
hsa-mir-19b-2-5p,1825
hsa-miR-5697,1826
hsa-mir-518d-3p,1827
hsa-mir-4433b,1828
hsa-mir-575,1829
hsa-miR-4730,1830
hsa-mir-4281,1831
hsa-miR-3667-3p,1832
hsa-mir-6768,1833
hsa-mir-3117-5p,1834
hsa-mir-10a,1835
hsa-miR-5691,1836
hsa-mir-664b,1837
hsa-mir-150,1838
hsa-miR-551b-3p,1839
hsa-mir-571,1840
hsa-miR-150-3p,1841
hsa-miR-3161,1842
hsa-mir-302d-3p,1843
hsa-mir-17,1844
hsa-mir-518b,1845
hsa-miR-129-1-3p,1846
hsa-mir-4772-3p,1847
hsa-miR-194-3p,1848
hsa-mir-585-3p,1849
hsa-mir-6867,1850
hsa-mir-203b,1851
hsa-miR-548l,1852
hsa-miR-4254,1853
hsa-mir-4469,1854
hsa-mir-196a-3p,1855
hsa-mir-6880-3p,1856
hsa-miR-6822-3p,1857
hsa-miR-9500,1858
hsa-miR-6086,1859
hsa-mir-129-1,1860
hsa-mir-449b-5p,1861
hsa-mir-7-2-3p,1862
hsa-mir-7850,1863
hsa-miR-920,1864
hsa-mir-4687-5p,1865
hsa-miR-4494,1866
hsa-mir-29b-2,1867
hsa-miR-559,1868
hsa-miR-410-3p,1869
hsa-mir-3074-3p,1870
hsa-mir-2054,1871
hsa-mir-6826-3p,1872
hsa-miR-5692c,1873
hsa-miR-6813-3p,1874
hsa-mir-676-5p,1875
hsa-mir-548am-5p,1876
hsa-mir-15a-5p,1877
hsa-mir-548as,1878
hsa-mir-193a,1879
hsa-miR-940,1880
hsa-mir-3663,1881
hsa-mir-433-3p,1882
hsa-mir-4680,1883
hsa-mir-1251,1884
hsa-mir-506,1885
hsa-mir-4764-3p,1886
hsa-mir-6508-5p,1887
hsa-mir-5000,1888
hsa-mir-7152-5p,1889
hsa-miR-6072,1890
hsa-mir-4783,1891
hsa-mir-200c-5p,1892
hsa-miR-661,1893
hsa-mir-513c-3p,1894
hsa-mir-3157-3p,1895
hsa-mir-6894,1896
hsa-mir-6831-5p,1897
hsa-mir-518a-1,1898
hsa-mir-21,1899
hsa-mir-3663-3p,1900
hsa-mir-5003,1901
hsa-mir-10b-5p,1902
hsa-mir-2117,1903
hsa-mir-4661-3p,1904
hsa-miR-1909-3p,1905
hsa-miR-500b-3p,1906
hsa-miR-4487,1907
hsa-mir-4516,1908
hsa-mir-549a,1909
hsa-mir-3151-3p,1910
hsa-mir-493-5p,1911
hsa-mir-188-3p,1912
hsa-mir-3161,1913
hsa-mir-96-5p,1914
hsa-mir-130a-5p,1915
hsa-mir-124-3,1916
hsa-mir-4451,1917
hsa-miR-520a-3p,1918
hsa-mir-4649-3p,1919
hsa-mir-12116,1920
hsa-mir-208b-3p,1921
hsa-miR-6717-5p,1922
hsa-mir-1233-2,1923
hsa-mir-3929,1924
hsa-mir-135a-3p,1925
hsa-mir-1301-5p,1926
hsa-mir-1295b,1927
hsa-miR-3184-3p,1928
hsa-mir-1245a,1929
hsa-mir-193b-5p,1930
hsa-miR-600,1931
hsa-mir-34b,1932
hsa-mir-563,1933
hsa-miR-8060,1934
hsa-mir-185,1935
hsa-mir-183,1936
hsa-mir-521-1,1937
hsa-mir-6127,1938
hsa-mir-148b-3p,1939
hsa-miR-548v,1940
hsa-miR-3618,1941
hsa-mir-1303,1942
hsa-mir-765,1943
hsa-mir-4764,1944
hsa-miR-338-3p,1945
hsa-miR-101-3p,1946
hsa-let-7i-3p,1947
hsa-miR-8087,1948
hsa-mir-1288,1949
hsa-miR-1470,1950
hsa-mir-99a-3p,1951
hsa-miR-3141,1952
hsa-mir-125a-3p,1953
hsa-mir-1226-5p,1954
hsa-miR-7114-3p,1955
hsa-mir-1278,1956
hsa-miR-3649,1957
hsa-miR-6133,1958
hsa-mir-4477a,1959
hsa-mir-4254,1960
hsa-mir-3130-5p,1961
hsa-miR-320c,1962
hsa-mir-20a,1963
hsa-miR-627-3p,1964
hsa-mir-153-3p,1965
hsa-mir-6884,1966
hsa-mir-4767,1967
hsa-let-7i,1968
hsa-mir-3135b,1969
hsa-mir-378e,1970
hsa-mir-130b-3p,1971
hsa-mir-26b-3p,1972
hsa-mir-4524a,1973
hsa-mir-4720,1974
hsa-mir-1277,1975
hsa-miR-1913,1976
hsa-miR-664b-3p,1977
hsa-miR-30c-1-3p,1978
hsa-mir-512-2,1979
hsa-mir-521,1980
hsa-mir-199a-2,1981
hsa-mir-3622b-3p,1982
hsa-miR-6128,1983
hsa-mir-505,1984
hsa-mir-588,1985
hsa-mir-5571,1986
hsa-mir-212,1987
hsa-mir-3689d,1988
hsa-miR-6089,1989
hsa-miR-7515,1990
hsa-miR-4636,1991
hsa-miR-6068,1992
hsa-mir-920,1993
hsa-mir-3925,1994
hsa-mir-3976,1995
hsa-mir-4533,1996
hsa-miR-4301,1997
hsa-mir-365b-3p,1998
hsa-miR-6745,1999
hsa-mir-7110,2000
hsa-mir-3690,2001
hsa-mir-223-5p,2002
hsa-mir-4729,2003
hsa-miR-2467-3p,2004
hsa-mir-1908-3p,2005
hsa-mir-509-3,2006
hsa-mir-526b-5p,2007
hsa-mir-151b,2008
hsa-mir-3619-5p,2009
hsa-mir-1972-1,2010
hsa-mir-5004-3p,2011
hsa-miR-6839-3p,2012
hsa-miR-1910-3p,2013
hsa-mir-876,2014
hsa-mir-6782-5p,2015
hsa-mir-5194,2016
hsa-mir-579,2017
hsa-mir-5096,2018
hsa-mir-4705,2019
hsa-mir-3179-2,2020
hsa-miR-6074,2021
hsa-mir-431-5p,2022
hsa-mir-146a-5p,2023
hsa-mir-3157-5p,2024
hsa-mir-1205,2025
hsa-mir-32,2026
hsa-mir-558,2027
hsa-mir-4426,2028
hsa-mir-708-3p,2029
hsa-miR-133b,2030
hsa-mir-660,2031
hsa-miR-568,2032
hsa-miR-6780b-3p,2033
hsa-miR-526b-3p,2034
hsa-mir-4766,2035
hsa-mir-3164,2036
hsa-mir-12119,2037
hsa-miR-1260a,2038
hsa-mir-647,2039
hsa-mir-658,2040
hsa-mir-106a-5p,2041
hsa-miR-581,2042
hsa-mir-548ao,2043
hsa-miR-323b-3p,2044
hsa-miR-4421,2045
hsa-mir-4495,2046
hsa-mir-4633,2047
hsa-mir-127-3p,2048
hsa-miR-4732-3p,2049
hsa-mir-3130-2,2050
hsa-mir-422a,2051
hsa-mir-7847-3p,2052
hsa-mir-6807,2053
hsa-mir-548a-3,2054
hsa-mir-128-1,2055
hsa-miR-7847-3p,2056
hsa-miR-4517,2057
hsa-mir-367,2058
hsa-mir-203b-5p,2059
hsa-miR-4669,2060
hsa-mir-593,2061
hsa-mir-339-5p,2062
hsa-mir-297,2063
hsa-mir-1254,2064
hsa-mir-383,2065
hsa-mir-219a-1,2066
hsa-mir-6720-3p,2067
hsa-mir-19b-2,2068
hsa-miR-1244,2069
hsa-miR-548u,2070
hsa-mir-4498,2071
hsa-mir-6875-3p,2072
hsa-mir-4260,2073
hsa-miR-543,2074
hsa-mir-487a-3p,2075
hsa-miR-7106-3p,2076
hsa-miR-3194-3p,2077
hsa-mir-218-5p,2078
hsa-miR-3171,2079
hsa-let-7e-3p,2080
hsa-mir-548e-3p,2081
hsa-mir-8068,2082
hsa-mir-512-1,2083
hsa-miR-4453,2084
hsa-mir-320e,2085
hsa-mir-503,2086
hsa-mir-3918,2087
hsa-mir-6763,2088
hsa-miR-601,2089
hsa-miR-513a-3p,2090
hsa-miR-4324,2091
hsa-miR-548ab,2092
hsa-mir-1285-2,2093
hsa-mir-33b-3p,2094
hsa-miR-4784,2095
hsa-mir-604,2096
hsa-mir-4297,2097
hsa-mir-6853-5p,2098
hsa-mir-4677,2099
hsa-mir-3926,2100
hsa-mir-3686,2101
hsa-mir-146b,2102
hsa-mir-500a-5p,2103
hsa-miR-548ax,2104
hsa-mir-675,2105
hsa-mir-3117-3p,2106
hsa-mir-592,2107
hsa-miR-2861,2108
hsa-mir-887,2109
hsa-miR-520d-3p,2110
hsa-mir-4722,2111
hsa-miR-502-3p,2112
hsa-miR-4644,2113
hsa-mir-501-5p,2114
hsa-mir-1282,2115
hsa-mir-504-3p,2116
hsa-miR-5692b,2117
hsa-mir-513a-2,2118
hsa-miR-548w,2119
hsa-miR-6845-3p,2120
hsa-miR-554,2121
hsa-mir-33a-3p,2122
hsa-miR-4743-3p,2123
hsa-mir-101-1,2124
hsa-mir-744-3p,2125
hsa-miR-557,2126
hsa-miR-6746-3p,2127
hsa-mir-6506,2128
hsa-miR-4786-3p,2129
hsa-miR-1272,2130
hsa-let-7c-3p,2131
hsa-miR-4439,2132
hsa-miR-7846-3p,2133
hsa-mir-208a-5p,2134
hsa-mir-6729-3p,2135
hsa-mir-92a-2-5p,2136
hsa-miR-302b-3p,2137
hsa-mir-2278,2138
hsa-mir-4723,2139
hsa-mir-4493,2140
hsa-mir-519d-3p,2141
hsa-mir-4435-2,2142
hsa-miR-548az-3p,2143
hsa-mir-569,2144
hsa-mir-583,2145
hsa-mir-1266-3p,2146
hsa-miR-936,2147
hsa-mir-200b-5p,2148
hsa-mir-362,2149
hsa-mir-3907,2150
hsa-mir-208b,2151
hsa-mir-4738,2152
hsa-mir-502-3p,2153
hsa-miR-3615,2154
hsa-miR-4323,2155
hsa-miR-548x-3p,2156
hsa-miR-759,2157
hsa-mir-4735,2158
hsa-mir-643,2159
hsa-mir-4487,2160
hsa-mir-518f-5p,2161
hsa-miR-4256,2162
hsa-mir-3927,2163
hsa-mir-1343-3p,2164
hsa-mir-512-3p,2165
hsa-miR-6508-3p,2166
hsa-miR-4745-3p,2167
hsa-mir-3679,2168
hsa-mir-4262,2169
hsa-mir-3177,2170
hsa-miR-658,2171
hsa-mir-4708,2172
hsa-mir-4501,2173
hsa-mir-412-5p,2174
hsa-miR-212-3p,2175
hsa-mir-3607-3p,2176
hsa-miR-4641,2177
hsa-miR-6881-3p,2178
hsa-miR-4320,2179
hsa-mir-3163,2180
hsa-mir-4448,2181
hsa-mir-4731-3p,2182
hsa-miR-1292-3p,2183
hsa-mir-516a-5p,2184
hsa-miR-4664-3p,2185
hsa-miR-3122,2186
hsa-mir-19b-1-5p,2187
hsa-mir-4645,2188
hsa-mir-642b,2189
hsa-mir-375,2190
hsa-mir-4778-3p,2191
hsa-miR-4259,2192
hsa-mir-296-5p,2193
hsa-miR-4510,2194
hsa-miR-4796-3p,2195
hsa-mir-4303,2196
hsa-mir-4664,2197
hsa-mir-92b-3p,2198
hsa-miR-3945,2199
hsa-mir-3913-3p,2200
hsa-mir-4758-3p,2201
hsa-mir-190a-5p,2202
hsa-miR-548z,2203
hsa-miR-1182,2204
hsa-mir-148a,2205
hsa-miR-3187-3p,2206
hsa-mir-1538,2207
hsa-mir-365a,2208
hsa-mir-7113,2209
hsa-mir-1249-3p,2210
hsa-mir-4500,2211
hsa-mir-214,2212
hsa-mir-4663,2213
hsa-miR-3960,2214
hsa-mir-5683,2215
hsa-let-7a-3,2216
hsa-miR-3147,2217
hsa-mir-3620-3p,2218
hsa-miR-3681-3p,2219
hsa-mir-4423-5p,2220
hsa-mir-892b,2221
hsa-mir-6869,2222
hsa-mir-4672,2223
hsa-mir-15a,2224
hsa-mir-6800,2225
hsa-mir-22-5p,2226
hsa-mir-450b,2227
hsa-mir-3074-5p,2228
hsa-miR-4632-3p,2229
hsa-miR-4457,2230
hsa-mir-523,2231
hsa-mir-6780b-3p,2232
hsa-miR-4637,2233
hsa-miR-3529-3p,2234
hsa-miR-620,2235
hsa-miR-4270,2236
hsa-mir-4429,2237
hsa-mir-4425,2238
hsa-mir-511-5p,2239
hsa-mir-1277-3p,2240
hsa-mir-519c-3p,2241
hsa-mir-195,2242
hsa-miR-6769b-3p,2243
hsa-miR-188-3p,2244
hsa-mir-376a-5p,2245
hsa-mir-370-5p,2246
hsa-mir-449c-5p,2247
hsa-mir-182,2248
hsa-mir-1226,2249
hsa-miR-4692,2250
hsa-mir-4791,2251
hsa-mir-6891,2252
hsa-mir-4742-5p,2253
hsa-mir-664b-5p,2254
hsa-mir-372-5p,2255
hsa-miR-599,2256
hsa-mir-450a-2,2257
hsa-mir-371a-5p,2258
hsa-miR-7974,2259
hsa-mir-4756-3p,2260
hsa-miR-143-3p,2261
hsa-let-7g,2262
hsa-mir-4717,2263
hsa-mir-589,2264
hsa-mir-151a-5p,2265
hsa-mir-4474,2266
hsa-miR-636,2267
hsa-miR-378e,2268
hsa-mir-3613-3p,2269
hsa-mir-378b,2270
hsa-mir-1273h,2271
hsa-mir-194-2,2272
hsa-mir-3189,2273
hsa-miR-2052,2274
hsa-mir-27a,2275
hsa-mir-6882,2276
hsa-mir-1287-3p,2277
hsa-miR-29a-3p,2278
hsa-miR-3189-3p,2279
hsa-miR-6829-3p,2280
hsa-mir-1914,2281
hsa-miR-3913-3p,2282
hsa-miR-4434,2283
hsa-mir-132-5p,2284
hsa-miR-4466,2285
hsa-mir-142-5p,2286
hsa-mir-4296,2287
hsa-mir-598-3p,2288
hsa-mir-4703,2289
hsa-mir-1257,2290
hsa-mir-4271,2291
hsa-mir-509-5p,2292
hsa-mir-1281,2293
hsa-mir-3179,2294
hsa-mir-5010-5p,2295
hsa-miR-8073,2296
hsa-mir-410,2297
hsa-mir-337,2298
hsa-mir-4534,2299
hsa-miR-137,2300
hsa-mir-1914-5p,2301
hsa-mir-718,2302
hsa-mir-4718,2303
hsa-mir-4731-5p,2304
hsa-mir-6068,2305
hsa-mir-378d-2,2306
hsa-miR-6835-3p,2307
hsa-miR-6852-3p,2308
hsa-miR-6823-3p,2309
hsa-mir-101-2,2310
hsa-mir-340,2311
hsa-mir-670,2312
hsa-mir-2116-3p,2313
hsa-miR-3167,2314
hsa-miR-1231,2315
hsa-mir-597,2316
hsa-miR-4281,2317
hsa-mir-3138,2318
hsa-mir-6838-5p,2319
hsa-mir-6085,2320
hsa-mir-7152,2321
hsa-mir-524-5p,2322
hsa-miR-6817-3p,2323
hsa-miR-4278,2324
hsa-miR-1234-3p,2325
hsa-miR-6738-3p,2326
hsa-mir-5010-3p,2327
hsa-mir-153-2,2328
hsa-miR-6721-5p,2329
hsa-mir-548at,2330
hsa-miR-2113,2331
hsa-mir-615,2332
hsa-miR-1539,2333
hsa-mir-192-3p,2334
hsa-miR-4314,2335
hsa-mir-211,2336
hsa-mir-409,2337
hsa-mir-381,2338
hsa-mir-487b-3p,2339
hsa-mir-196b-5p,2340
hsa-mir-629-3p,2341
hsa-miR-1197,2342
hsa-miR-629-3p,2343
hsa-mir-502-5p,2344
hsa-mir-541-5p,2345
hsa-mir-432-3p,2346
hsa-mir-191-3p,2347
hsa-mir-299-5p,2348
hsa-miR-6871-3p,2349
hsa-mir-92b-5p,2350
hsa-mir-6798-5p,2351
hsa-miR-3975,2352
hsa-mir-539-3p,2353
hsa-miR-6715a-3p,2354
hsa-mir-942-3p,2355
hsa-mir-3170,2356
hsa-mir-770-5p,2357
hsa-miR-4643,2358
hsa-mir-4725,2359
hsa-mir-4694,2360
hsa-mir-612,2361
hsa-mir-370,2362
hsa-mir-5196,2363
hsa-mir-4765,2364
hsa-mir-378a-5p,2365
hsa-mir-151a,2366
hsa-mir-107,2367
hsa-miR-3127-3p,2368
hsa-mir-124-1,2369
hsa-mir-1229-3p,2370
hsa-mir-525,2371
hsa-mir-130a,2372
hsa-mir-374b-5p,2373
hsa-mir-589-5p,2374
hsa-mir-1298-3p,2375
hsa-miR-132-3p,2376
hsa-miR-4280,2377
hsa-miR-6771-3p,2378
hsa-miR-8088,2379
hsa-mir-654,2380
hsa-mir-761,2381
hsa-mir-155,2382
hsa-mir-6734,2383
hsa-mir-1915-3p,2384
hsa-miR-562,2385
hsa-miR-1206,2386
hsa-mir-514b-5p,2387
hsa-mir-505-3p,2388
hsa-miR-662,2389
hsa-miR-514b-3p,2390
hsa-miR-486-3p,2391
hsa-mir-3619-3p,2392
hsa-mir-516b-5p,2393
hsa-mir-5004-5p,2394
hsa-mir-628-3p,2395
hsa-mir-371b-5p,2396
hsa-mir-4286,2397
hsa-mir-6715b,2398
hsa-mir-1207-3p,2399
hsa-mir-7161-3p,2400
hsa-miR-6083,2401
hsa-miR-618,2402
hsa-mir-494-3p,2403
hsa-mir-15a-3p,2404
hsa-miR-340-3p,2405
hsa-miR-378d,2406
hsa-mir-645,2407
hsa-mir-454,2408
hsa-miR-4728-3p,2409
hsa-mir-5100,2410
hsa-miR-3670,2411
hsa-miR-4299,2412
hsa-mir-548c-3p,2413
hsa-mir-4746-5p,2414
hsa-miR-140-3p,2415
hsa-miR-151a-3p,2416
hsa-mir-128-1-5p,2417
hsa-mir-331-5p,2418
hsa-miR-6876-3p,2419
hsa-mir-1227-3p,2420
hsa-mir-34c,2421
hsa-miR-3935,2422
hsa-mir-1255a,2423
hsa-mir-23b,2424
hsa-mir-520a,2425
hsa-miR-147a,2426
hsa-miR-3612,2427
hsa-let-7a-1,2428
hsa-mir-98,2429
hsa-mir-329-3p,2430
hsa-miR-6740-3p,2431
hsa-mir-101-5p,2432
hsa-mir-4667,2433
hsa-miR-3658,2434
hsa-miR-8055,2435
hsa-miR-3155a,2436
hsa-mir-3610,2437
hsa-mir-888,2438
hsa-mir-4634,2439
hsa-mir-223,2440
hsa-mir-6513,2441
hsa-mir-5009-5p,2442
hsa-mir-6782-3p,2443
hsa-mir-181b-2,2444
hsa-mir-1237,2445
hsa-mir-202-5p,2446
hsa-mir-1225-3p,2447
hsa-miR-5094,2448
hsa-miR-20b-3p,2449
hsa-mir-2277,2450
hsa-mir-186-3p,2451
hsa-miR-329-3p,2452
hsa-miR-8063,2453
hsa-miR-1301-3p,2454
hsa-mir-383-3p,2455
hsa-miR-1321,2456
hsa-mir-4639,2457
hsa-miR-3672,2458
hsa-miR-5693,2459
hsa-let-7g-3p,2460
hsa-mir-627,2461
hsa-mir-664b-3p,2462
hsa-mir-655-3p,2463
hsa-mir-145-5p,2464
hsa-mir-30c-1-3p,2465
hsa-mir-203a-3p,2466
hsa-miR-885-3p,2467
hsa-miR-1251-3p,2468
hsa-miR-4758-3p,2469
hsa-mir-574-5p,2470
hsa-mir-452-5p,2471
hsa-mir-5582-5p,2472
hsa-miR-8079,2473
hsa-mir-335-3p,2474
hsa-mir-26b-5p,2475
hsa-mir-548e,2476
hsa-mir-487b,2477
hsa-mir-363,2478
hsa-mir-937-5p,2479
hsa-miR-5093,2480
hsa-miR-153-3p,2481
hsa-mir-181b-2-3p,2482
hsa-mir-585,2483
hsa-mir-548e-5p,2484
hsa-miR-7975,2485
hsa-miR-302d-3p,2486
hsa-mir-559,2487
hsa-mir-100-3p,2488
hsa-miR-381-3p,2489
hsa-mir-676,2490
hsa-miR-5196-3p,2491
hsa-mir-4731,2492
hsa-mir-630,2493
hsa-mir-518c-5p,2494
hsa-mir-3945,2495
hsa-mir-2467,2496
hsa-miR-4775,2497
hsa-miR-718,2498
hsa-mir-548y,2499
hsa-miR-4430,2500
hsa-mir-5590-3p,2501
hsa-mir-4756,2502
hsa-mir-1226-3p,2503
hsa-miR-124-3p,2504
hsa-mir-3158-5p,2505
hsa-mir-6838,2506
hsa-mir-181a-5p,2507
hsa-miR-1204,2508
hsa-mir-4318,2509
hsa-mir-4266,2510
hsa-miR-4448,2511
hsa-miR-610,2512
hsa-miR-378b,2513
hsa-mir-204-3p,2514
hsa-mir-6165,2515
hsa-miR-6079,2516
hsa-miR-6862-3p,2517
hsa-miR-4540,2518
hsa-mir-1228,2519
hsa-mir-515-1,2520
hsa-mir-410-3p,2521
hsa-mir-1283,2522
hsa-mir-944,2523
hsa-miR-3170,2524
hsa-miR-758-3p,2525
hsa-mir-5695,2526
hsa-mir-4508,2527
hsa-mir-3151,2528
hsa-mir-519a-1,2529
hsa-mir-1915,2530
hsa-mir-668,2531
hsa-miR-130a-3p,2532
hsa-miR-548ac,2533
hsa-miR-376b-3p,2534
hsa-mir-550a-2,2535
hsa-miR-1294,2536
hsa-miR-944,2537
hsa-mir-4535,2538
hsa-mir-24-1,2539
hsa-mir-133a-3p,2540
hsa-mir-512-5p,2541
hsa-mir-3925-3p,2542
hsa-mir-4753-5p,2543
hsa-miR-4296,2544
hsa-mir-365b-5p,2545
hsa-mir-493,2546
hsa-mir-4661,2547
hsa-mir-6721,2548
hsa-miR-3713,2549
hsa-mir-4432,2550
hsa-mir-3199,2551
hsa-mir-1293,2552
hsa-mir-1273d,2553
hsa-mir-500b,2554
hsa-mir-590,2555
hsa-mir-103b-1,2556
hsa-miR-4739,2557
hsa-miR-1304-3p,2558
hsa-miR-1295a,2559
hsa-mir-4268,2560
hsa-mir-764,2561
hsa-mir-105-5p,2562
hsa-mir-1287,2563
hsa-miR-6763-3p,2564
hsa-mir-98-3p,2565
hsa-miR-4304,2566
hsa-mir-301b-3p,2567
hsa-miR-4711-3p,2568
hsa-mir-3200,2569
hsa-mir-584-3p,2570
hsa-mir-330,2571
hsa-miR-6863,2572
hsa-mir-1206,2573
hsa-mir-449b-3p,2574
hsa-mir-542-5p,2575
hsa-mir-570,2576
hsa-mir-299,2577
hsa-miR-4289,2578
hsa-mir-2355,2579
hsa-miR-8071,2580
hsa-mir-4446-5p,2581
hsa-miR-553,2582
hsa-mir-27b-5p,2583
hsa-mir-181d-5p,2584
hsa-mir-499b-3p,2585
hsa-mir-411,2586
hsa-mir-2276,2587
hsa-miR-5087,2588
hsa-miR-4737,2589
hsa-miR-4735-3p,2590
hsa-mir-485-3p,2591
hsa-mir-590-3p,2592
hsa-mir-671-5p,2593
hsa-miR-210-3p,2594
hsa-mir-3147,2595
hsa-miR-4682,2596
hsa-miR-520h,2597
hsa-mir-519b-3p,2598
hsa-miR-583,2599
hsa-mir-483-5p,2600
hsa-miR-3907,2601
hsa-miR-8084,2602
hsa-miR-4683,2603
hsa-miR-3165,2604
hsa-mir-320d-1,2605
hsa-mir-501,2606
hsa-mir-4257,2607
hsa-mir-6818,2608
hsa-mir-520c-5p,2609
hsa-mir-744-5p,2610
hsa-miR-4443,2611
hsa-miR-602,2612
hsa-miR-3131,2613
hsa-mir-4507,2614
hsa-mir-4728-5p,2615
hsa-miR-7848-3p,2616
hsa-mir-769,2617
hsa-mir-941-4,2618
hsa-miR-6081,2619
hsa-miR-485-3p,2620
hsa-mir-662,2621
hsa-miR-8085,2622
hsa-mir-4638,2623
hsa-mir-328,2624
hsa-mir-34a-3p,2625
hsa-mir-146a-3p,2626
hsa-miR-548j-3p,2627
hsa-miR-3199,2628
hsa-miR-4318,2629
hsa-miR-3201,2630
hsa-mir-34c-5p,2631
hsa-mir-211-5p,2632
hsa-miR-3927-3p,2633
hsa-miR-466,2634
hsa-mir-6799-3p,2635
hsa-miR-103b,2636
hsa-miR-185-3p,2637
hsa-mir-6861,2638
hsa-mir-4748,2639
hsa-mir-28-3p,2640
hsa-mir-6765,2641
hsa-mir-1225-5p,2642
hsa-mir-3940,2643
hsa-miR-492,2644
hsa-mir-218-2-3p,2645
hsa-miR-487a-3p,2646
hsa-mir-208a,2647
hsa-miR-3138,2648
hsa-miR-3936,2649
hsa-mir-378d-1,2650
hsa-mir-3180,2651
hsa-mir-4492,2652
hsa-mir-4787,2653
hsa-mir-556-5p,2654
hsa-miR-4779,2655
hsa-miR-1297,2656
hsa-miR-1273h-3p,2657
hsa-mir-6826,2658
hsa-mir-4684,2659
hsa-mir-504-5p,2660
hsa-miR-604,2661
hsa-mir-149,2662
hsa-miR-8081,2663
hsa-mir-3664-5p,2664
hsa-miR-378i,2665
hsa-miR-595,2666
hsa-miR-377-3p,2667
hsa-miR-3135b,2668
hsa-mir-605,2669
hsa-mir-17-5p,2670
hsa-miR-4288,2671
hsa-mir-30c-1,2672
hsa-miR-548s,2673
hsa-mir-708-5p,2674
hsa-mir-487b-5p,2675
hsa-miR-8082,2676
hsa-mir-301b-5p,2677
hsa-mir-6759,2678
hsa-mir-429,2679
hsa-mir-760,2680
hsa-mir-3186-5p,2681
hsa-mir-1276,2682
hsa-mir-320a,2683
hsa-mir-3065-5p,2684
hsa-mir-550a-1,2685
hsa-mir-199a-3p,2686
hsa-miR-1287-3p,2687
hsa-miR-190a-3p,2688
hsa-mir-1236-3p,2689
hsa-mir-548k,2690
hsa-miR-4477a,2691
hsa-mir-372-3p,2692
hsa-mir-4793-3p,2693
hsa-mir-298,2694
hsa-mir-431-3p,2695
hsa-mir-412-3p,2696
hsa-mir-888-3p,2697
hsa-miR-7854-3p,2698
hsa-miR-6837-3p,2699
hsa-mir-675-3p,2700
hsa-mir-1295a,2701
hsa-mir-12129,2702
hsa-mir-642a-5p,2703
hsa-mir-5584-5p,2704
hsa-miR-126-3p,2705
hsa-miR-4450,2706
hsa-mir-34b-5p,2707
hsa-miR-641,2708
hsa-mir-5702,2709
hsa-mir-1182,2710
hsa-mir-505-5p,2711
hsa-mir-552-5p,2712
hsa-miR-208a-3p,2713
hsa-mir-613,2714
hsa-miR-637,2715
hsa-mir-577,2716
hsa-miR-6867-3p,2717
hsa-mir-3157,2718
hsa-mir-3682,2719
hsa-miR-500a-3p,2720
hsa-mir-367-3p,2721
hsa-mir-451a,2722
hsa-mir-4724,2723
hsa-miR-6875-3p,2724
hsa-miR-6070,2725
hsa-mir-4701-3p,2726
hsa-mir-6511b-1,2727
hsa-miR-489-3p,2728
hsa-mir-618,2729
hsa-mir-26a-5p,2730
hsa-miR-3939,2731
hsa-mir-188,2732
hsa-mir-4763,2733
hsa-mir-642a,2734
hsa-miR-433-3p,2735
hsa-miR-3163,2736
hsa-mir-466,2737
hsa-mir-152-3p,2738
hsa-mir-16-5p,2739
hsa-mir-605-5p,2740
hsa-mir-9-5p,2741
hsa-mir-135b-5p,2742
hsa-miR-4309,2743
hsa-miR-548ak,2744
hsa-miR-3666,2745
hsa-mir-93-5p,2746
hsa-miR-7705,2747
hsa-mir-130b,2748
hsa-mir-5590-5p,2749
hsa-mir-1587,2750
hsa-miR-2114-3p,2751
hsa-miR-6836-3p,2752
hsa-mir-514a-2,2753
hsa-miR-4325,2754
hsa-miR-4511,2755
hsa-miR-4436b-3p,2756
hsa-miR-449b-3p,2757
hsa-mir-4270,2758
hsa-mir-3940-5p,2759
hsa-mir-4753,2760
hsa-mir-1288-5p,2761
hsa-miR-6501-3p,2762
hsa-mir-371b-3p,2763
hsa-miR-4788,2764
hsa-mir-508,2765
hsa-mir-3928-3p,2766
hsa-miR-6877-3p,2767
hsa-mir-4423,2768
hsa-mir-4746-3p,2769
hsa-mir-495-5p,2770
hsa-miR-1269b,2771
hsa-mir-4477b,2772
hsa-mir-101-3p,2773
hsa-miR-320e,2774
hsa-mir-3619,2775
hsa-miR-130b-3p,2776
hsa-mir-3656,2777
hsa-mir-574-3p,2778
hsa-mir-1238,2779
hsa-mir-6826-5p,2780
hsa-mir-6844,2781
hsa-mir-600,2782
hsa-miR-6085,2783
hsa-mir-4688,2784
hsa-mir-423,2785
hsa-mir-1252-5p,2786
hsa-miR-4274,2787
hsa-miR-4675,2788
hsa-miR-4514,2789
hsa-miR-4723-3p,2790
hsa-mir-670-5p,2791
hsa-miR-3685,2792
hsa-mir-532-5p,2793
hsa-miR-6775-3p,2794
hsa-mir-4723-5p,2795
hsa-mir-29c-5p,2796
hsa-mir-496,2797
hsa-mir-425,2798
hsa-miR-4734,2799
hsa-mir-510,2800
hsa-mir-548t,2801
hsa-miR-6833-3p,2802
hsa-mir-2392,2803
hsa-miR-4677-3p,2804
hsa-miR-3154,2805
hsa-mir-513b-5p,2806
hsa-mir-124-3p,2807
hsa-mir-6798,2808
hsa-miR-4681,2809
hsa-miR-7844-5p,2810
hsa-mir-5189-3p,2811
hsa-mir-3912,2812
hsa-mir-4758-5p,2813
hsa-mir-634,2814
hsa-mir-455-5p,2815
hsa-miR-519a-3p,2816
hsa-mir-99b-3p,2817
hsa-miR-4272,2818
hsa-miR-498,2819
hsa-mir-140-3p,2820
hsa-mir-29c-3p,2821
hsa-mir-1296-5p,2822
hsa-miR-1291,2823
hsa-miR-1185-2-3p,2824
hsa-miR-3115,2825
hsa-mir-3182,2826
hsa-mir-516b-3p,2827
hsa-mir-411-3p,2828
hsa-mir-4632,2829
hsa-mir-145-3p,2830
hsa-mir-1264,2831
hsa-mir-551b-3p,2832
hsa-mir-3179-3,2833
hsa-mir-323a-5p,2834
hsa-miR-887-3p,2835
hsa-mir-146b-5p,2836
hsa-miR-181b-2-3p,2837
hsa-mir-6831,2838
hsa-miR-544a,2839
hsa-mir-6888,2840
hsa-mir-187-5p,2841
hsa-mir-4742,2842
hsa-mir-3648,2843
hsa-mir-153-5p,2844
hsa-mir-1343,2845
hsa-miR-4516,2846
hsa-miR-384,2847
hsa-mir-423-5p,2848
hsa-mir-4751,2849
hsa-mir-7107-3p,2850
hsa-miR-8080,2851
hsa-mir-4476,2852
hsa-mir-144-5p,2853
hsa-mir-874-5p,2854
hsa-mir-539,2855
hsa-miR-3646,2856
hsa-mir-4668,2857
hsa-mir-4279,2858
hsa-miR-335-3p,2859
hsa-miR-3684,2860
hsa-miR-1245a,2861
hsa-miR-7851-3p,2862
hsa-miR-514a-3p,2863
hsa-mir-4756-5p,2864
hsa-miR-4291,2865
hsa-miR-939-3p,2866
hsa-miR-7161-3p,2867
hsa-mir-4427,2868
hsa-mir-152-5p,2869
hsa-miR-4538,2870
hsa-let-7e,2871
hsa-mir-519c,2872
hsa-mir-202,2873
hsa-mir-6820,2874
hsa-miR-8075,2875
hsa-mir-548ah,2876
hsa-mir-1271-5p,2877
hsa-mir-509-2,2878
hsa-mir-520d-3p,2879
hsa-miR-519c-3p,2880
hsa-mir-99b-5p,2881
hsa-miR-4263,2882
hsa-miR-5707,2883
hsa-mir-4693,2884
hsa-mir-138-2,2885
hsa-mir-3677,2886
hsa-miR-2054,2887
hsa-mir-4258,2888
hsa-miR-4295,2889
hsa-miR-3610,2890
hsa-mir-424,2891
hsa-miR-144-3p,2892
hsa-mir-4658,2893
hsa-mir-379-5p,2894
hsa-mir-5688,2895
hsa-mir-626,2896
hsa-mir-1468-3p,2897
hsa-mir-1305,2898
hsa-mir-210,2899
hsa-mir-20b-3p,2900
hsa-miR-8065,2901
hsa-mir-6762,2902
hsa-miR-302a-3p,2903
hsa-miR-4525,2904
hsa-miR-655-3p,2905
hsa-mir-1268a,2906
hsa-miR-4706,2907
hsa-miR-4297,2908
hsa-mir-4472,2909
hsa-mir-885-3p,2910
hsa-mir-4747,2911
hsa-mir-6780b,2912
hsa-mir-1238-3p,2913
hsa-miR-448,2914
hsa-mir-95,2915
hsa-mir-517b-3p,2916
hsa-miR-590-3p,2917
hsa-miR-378h,2918
hsa-mir-1909-5p,2919
hsa-miR-3155b,2920
hsa-mir-149-3p,2921
hsa-mir-19a-3p,2922
hsa-mir-548av,2923
hsa-miR-3648,2924
hsa-mir-4757,2925
hsa-miR-548a-3p,2926
hsa-mir-4796,2927
hsa-mir-3125,2928
hsa-mir-507,2929
hsa-miR-1257,2930
hsa-mir-5699,2931
hsa-mir-609,2932
hsa-miR-711,2933
hsa-miR-1247-3p,2934
hsa-mir-4698,2935
hsa-mir-221-3p,2936
hsa-miR-4496,2937
hsa-miR-5739,2938
hsa-miR-6820-3p,2939
hsa-miR-4497,2940
hsa-mir-5582-3p,2941
hsa-miR-4526,2942
hsa-miR-4680-3p,2943
hsa-miR-6803-3p,2944
hsa-miR-585-3p,2945
hsa-miR-575,2946
hsa-mir-5586,2947
hsa-miR-484,2948
hsa-mir-1323,2949
hsa-miR-608,2950
hsa-mir-124-2,2951
hsa-miR-4754,2952
hsa-mir-136-5p,2953
hsa-miR-4294,2954
hsa-mir-21-3p,2955
hsa-mir-1258,2956
hsa-miR-6755-3p,2957
hsa-mir-6870,2958
hsa-mir-4778-5p,2959
hsa-miR-615-3p,2960
hsa-mir-374c-3p,2961
hsa-mir-3928,2962
hsa-mir-6766,2963
hsa-mir-376b,2964
hsa-mir-1180-5p,2965
hsa-miR-521,2966
hsa-miR-579-3p,2967
hsa-mir-4308,2968
hsa-miR-4442,2969
hsa-miR-4489,2970
hsa-mir-548x,2971
hsa-miR-892c-3p,2972
hsa-miR-4690-3p,2973
hsa-mir-502,2974
hsa-mir-641,2975
hsa-mir-5703,2976
hsa-mir-6805,2977
hsa-miR-933,2978
hsa-mir-146a,2979
hsa-mir-200b,2980
hsa-mir-2116,2981
hsa-miR-593-3p,2982
hsa-mir-490,2983
hsa-mir-2681,2984
hsa-miR-1825,2985
hsa-miR-378a-3p,2986
hsa-miR-455-3p,2987
hsa-miR-5705,2988
hsa-miR-7113-3p,2989
hsa-mir-33a,2990
hsa-mir-4653,2991
hsa-mir-548p,2992
hsa-mir-5699-3p,2993
hsa-mir-30d-5p,2994
hsa-miR-107,2995
hsa-miR-8061,2996
hsa-miR-2909,2997
hsa-mir-212-3p,2998
hsa-mir-361-5p,2999
hsa-mir-106a,3000
hsa-miR-369-3p,3001
hsa-miR-591,3002
hsa-mir-936,3003
hsa-miR-548k,3004
hsa-mir-1286,3005
hsa-miR-7704,3006
hsa-mir-3677-5p,3007
hsa-miR-5188,3008
hsa-mir-638,3009
hsa-mir-3692,3010
hsa-mir-616,3011
hsa-mir-545-5p,3012
hsa-mir-659-5p,3013
hsa-mir-1296,3014
hsa-mir-1304-3p,3015
hsa-mir-4633-3p,3016
hsa-miR-4308,3017
hsa-mir-876-3p,3018
hsa-miR-7108-3p,3019
hsa-miR-3198,3020
hsa-mir-922,3021
hsa-mir-515-5p,3022
hsa-miR-6842-3p,3023
hsa-mir-24-3p,3024
hsa-mir-7107,3025
hsa-miR-376a-3p,3026
hsa-mir-644a,3027
hsa-mir-134,3028
hsa-mir-6072,3029
hsa-mir-3687,3030
hsa-mir-758-5p,3031
hsa-mir-1-5p,3032
hsa-miR-551a,3033
hsa-mir-4293,3034
hsa-mir-431,3035
hsa-mir-19b-3p,3036
hsa-mir-1307,3037
hsa-mir-937,3038
hsa-mir-661,3039
hsa-mir-542-3p,3040
hsa-mir-3611,3041
hsa-miR-663b,3042
hsa-mir-3928-5p,3043
hsa-miR-6134,3044
hsa-mir-26a-1,3045
hsa-mir-92a-3p,3046
hsa-mir-3123,3047
hsa-miR-5687,3048
hsa-mir-18b-5p,3049
hsa-miR-770-5p,3050
hsa-mir-340-5p,3051
hsa-mir-5193,3052
hsa-mir-1291,3053
hsa-mir-4436b-5p,3054
hsa-mir-3614-5p,3055
hsa-mir-1469,3056
hsa-mir-4706,3057
hsa-mir-3126-3p,3058
hsa-miR-635,3059
hsa-miR-365b-3p,3060
hsa-mir-1298,3061
hsa-mir-4697-5p,3062
hsa-mir-587,3063
hsa-miR-4726-3p,3064
hsa-mir-4649,3065
hsa-miR-3158-3p,3066
hsa-mir-9-3,3067
hsa-mir-485,3068
hsa-mir-6086,3069
hsa-miR-219a-1-3p,3070
hsa-mir-4490,3071
hsa-mir-4446,3072
hsa-mir-1199,3073
hsa-mir-455,3074
hsa-mir-548a-2,3075
hsa-mir-32-3p,3076
hsa-mir-198,3077
hsa-mir-4793-5p,3078
hsa-mir-6500,3079
hsa-mir-4470,3080
hsa-mir-4793,3081
hsa-miR-1343-3p,3082
hsa-mir-6788,3083
hsa-mir-548ar,3084
hsa-mir-6741,3085
hsa-mir-488-3p,3086
hsa-mir-330-3p,3087
hsa-miR-337-3p,3088
hsa-mir-1180-3p,3089
hsa-mir-6867-5p,3090
hsa-miR-5688,3091
hsa-mir-10b-3p,3092
hsa-miR-92b-3p,3093
hsa-mir-506-3p,3094
hsa-mir-6795,3095
hsa-miR-4696,3096
hsa-mir-193b-3p,3097
hsa-mir-4664-5p,3098
hsa-miR-3659,3099
hsa-miR-1271-3p,3100
hsa-mir-885-5p,3101
hsa-mir-301b,3102
hsa-mir-497-5p,3103
hsa-mir-30a,3104
hsa-mir-4437,3105
hsa-mir-3916,3106
hsa-mir-506-5p,3107
hsa-miR-6756-3p,3108
hsa-mir-1200,3109
hsa-mir-933,3110
hsa-mir-374a-3p,3111
hsa-mir-324-3p,3112
hsa-mir-6880,3113
hsa-mir-138-2-3p,3114
hsa-mir-4319,3115
hsa-miR-6888-3p,3116
hsa-miR-15b-3p,3117
hsa-mir-552,3118
hsa-mir-941-3,3119
hsa-mir-205-5p,3120
hsa-miR-451b,3121
hsa-mir-4648,3122
hsa-mir-215-3p,3123
hsa-mir-1301,3124
hsa-miR-4266,3125
hsa-mir-331-3p,3126
hsa-miR-7160-3p,3127
hsa-mir-4728,3128
hsa-mir-4284,3129
hsa-let-7d-3p,3130
hsa-mir-1247-3p,3131
hsa-mir-4759,3132
hsa-mir-3175,3133
hsa-mir-4489,3134
hsa-mir-892c,3135
hsa-mir-1266,3136
hsa-miR-1233-3p,3137
hsa-miR-4659b-3p,3138
hsa-miR-4535,3139
hsa-mir-490-3p,3140
hsa-mir-627-3p,3141
hsa-mir-374c-5p,3142
hsa-mir-4636,3143
hsa-mir-615-5p,3144
hsa-miR-548p,3145
hsa-mir-29a-5p,3146
hsa-miR-4731-3p,3147
hsa-miR-4515,3148
hsa-miR-6124,3149
hsa-mir-4531,3150
hsa-mir-326,3151
hsa-miR-30b-3p,3152
hsa-miR-4305,3153
hsa-mir-328-5p,3154
hsa-mir-196a-1,3155
hsa-miR-3916,3156
hsa-miR-4317,3157
hsa-miR-6892-3p,3158
hsa-mir-21-5p,3159
hsa-mir-4739,3160
hsa-mir-656,3161
hsa-mir-635,3162
hsa-mir-4306,3163
hsa-miR-518a-3p,3164
hsa-miR-5092,3165
hsa-miR-3174,3166
hsa-mir-527,3167
hsa-miR-346,3168
hsa-mir-1203,3169
hsa-mir-520c-3p,3170
hsa-mir-29b-2-5p,3171
hsa-miR-4260,3172
hsa-mir-510-5p,3173
hsa-mir-491,3174
hsa-mir-7156,3175
hsa-mir-6728,3176
hsa-mir-193b,3177
hsa-mir-515-3p,3178
hsa-mir-367-5p,3179
hsa-mir-6893,3180
hsa-mir-28,3181
hsa-mir-380-5p,3182
hsa-miR-1302,3183
hsa-mir-3653-3p,3184
hsa-mir-1234,3185
hsa-mir-154-5p,3186
hsa-mir-548j-5p,3187
hsa-mir-631,3188
hsa-mir-1248,3189
hsa-mir-6804,3190
hsa-mir-181b-1,3191
hsa-mir-873,3192
hsa-mir-320c,3193
hsa-mir-190b,3194
hsa-miR-6769a-3p,3195
hsa-mir-135a-1,3196
hsa-mir-1302-4,3197
hsa-miR-2392,3198
hsa-miR-617,3199
hsa-miR-1267,3200
hsa-miR-1293,3201
hsa-mir-4433a,3202
hsa-mir-4430,3203
hsa-mir-6865,3204
hsa-miR-383-3p,3205
hsa-miR-1281,3206
hsa-mir-6817,3207
hsa-mir-34b-3p,3208
miR-145,3209
hsa-mir-24-2-5p,3210
hsa-mir-657,3211
hsa-mir-3148,3212
hsa-miR-2278,3213
hsa-miR-1277-3p,3214
hsa-miR-224-3p,3215
hsa-miR-632,3216
hsa-mir-889-5p,3217
hsa-mir-8064,3218
hsa-miR-517c-3p,3219
hsa-mir-135b-3p,3220
hsa-mir-1266-5p,3221
hsa-mir-432-5p,3222
hsa-mir-550a-3,3223
hsa-mir-4728-3p,3224
hsa-mir-1273e,3225
hsa-miR-493-3p,3226
hsa-miR-129-2-3p,3227
hsa-mir-23b-3p,3228
hsa-mir-378h,3229
hsa-mir-205,3230
hsa-miR-3910,3231
hsa-mir-17-3p,3232
hsa-miR-6088,3233
hsa-miR-4298,3234
hsa-miR-622,3235
hsa-mir-1911,3236
hsa-mir-7977,3237
hsa-mir-616-5p,3238
hsa-mir-134-5p,3239
hsa-miR-214-3p,3240
hsa-miR-92a-3p,3241
hsa-miR-5193,3242
hsa-miR-7855-5p,3243
hsa-miR-3133,3244
hsa-miR-151b,3245
hsa-mir-891b,3246
hsa-mir-151a-3p,3247
hsa-mir-1184-1,3248
hsa-mir-4711,3249
hsa-miR-4768-3p,3250
hsa-mir-433,3251
hsa-miR-450a-1-3p,3252
hsa-miR-27a-3p,3253
hsa-mir-624-3p,3254
hsa-miR-3064-3p,3255
hsa-miR-3690,3256
hsa-mir-6852,3257
hsa-mir-380,3258
hsa-mir-593-5p,3259
hsa-mir-6769b,3260
hsa-mir-424-3p,3261
hsa-miR-3123,3262
hsa-miR-5585-3p,3263
hsa-miR-548ba,3264
hsa-miR-8069,3265
hsa-mir-3923,3266
hsa-mir-1256,3267
hsa-mir-545-3p,3268
hsa-mir-4666a,3269
hsa-mir-6819,3270
hsa-mir-133a-5p,3271
hsa-mir-106b,3272
hsa-mir-4291,3273
hsa-mir-3909,3274
hsa-mir-4679,3275
hsa-mir-4790,3276
hsa-miR-518c-3p,3277
hsa-miR-4275,3278
hsa-miR-1224-3p,3279
hsa-miR-7156-3p,3280
hsa-mir-890,3281
hsa-mir-361-3p,3282
hsa-miR-4705,3283
hsa-mir-654-3p,3284
hsa-mir-3178,3285
hsa-miR-3943,3286
hsa-miR-6728-3p,3287
hsa-mir-1468-5p,3288
hsa-miR-7111-3p,3289
hsa-mir-642b-3p,3290
hsa-mir-23a-3p,3291
hsa-mir-1237-5p,3292
hsa-mir-656-5p,3293
hsa-mir-6851,3294
hsa-mir-1204,3295
hsa-miR-522-3p,3296
hsa-mir-924,3297
hsa-miR-3920,3298
hsa-mir-6126,3299
hsa-mir-4287,3300
hsa-mir-3199-2,3301
hsa-mir-516b-1,3302
hsa-miR-505-3p,3303
hsa-mir-6874,3304
hsa-miR-1972,3305
hsa-miR-331-3p,3306
hsa-miR-6868-3p,3307
hsa-mir-1307-5p,3308
hsa-mir-875-3p,3309
hsa-mir-4687,3310
hsa-miR-4765,3311
hsa-miR-3135a,3312
hsa-mir-20a-3p,3313
hsa-mir-6724-5p,3314
hsa-miR-6132,3315
hsa-miR-4261,3316
hsa-mir-1298-5p,3317
hsa-mir-5680,3318
hsa-mir-942-5p,3319
hsa-mir-181c-3p,3320
hsa-mir-8073,3321
hsa-mir-648,3322
hsa-mir-19a-5p,3323
hsa-mir-6516,3324
hsa-mir-1297,3325
hsa-mir-1295b-5p,3326
hsa-let-7b,3327
hsa-miR-324-3p,3328
hsa-mir-215-5p,3329
hsa-miR-550a-3p,3330
hsa-mir-516a-2,3331
hsa-mir-8084,3332
hsa-mir-520h,3333
hsa-mir-4478,3334
hsa-mir-548o,3335
hsa-mir-22-3p,3336
hsa-miR-4752,3337
hsa-miR-4315,3338
hsa-miR-4725-3p,3339
hsa-miR-200b-3p,3340
hsa-miR-1237-3p,3341
hsa-mir-5004,3342
hsa-mir-4795,3343
hsa-mir-1228-3p,3344
hsa-mir-1229-5p,3345
hsa-mir-6717,3346
hsa-mir-4717-3p,3347
hsa-mir-6745,3348
hsa-mir-1973,3349
hsa-mir-302a-3p,3350
hsa-mir-4294,3351
hsa-mir-454-5p,3352
hsa-miR-4307,3353
hsa-mir-493-3p,3354
hsa-mir-3144-3p,3355
hsa-miR-6873-3p,3356
hsa-miR-382-3p,3357
hsa-mir-625-5p,3358
hsa-miR-3689c,3359
hsa-mir-4431,3360
hsa-mir-141-5p,3361
hsa-mir-30d-3p,3362
hsa-mir-769-5p,3363
hsa-mir-6845,3364
hsa-mir-216b,3365
hsa-mir-582,3366
hsa-miR-597-3p,3367
hsa-mir-550b-2,3368
hsa-mir-2110,3369
hsa-miR-4749-3p,3370
hsa-mir-302b-5p,3371
hsa-miR-670-3p,3372
hsa-miR-3182,3373
hsa-mir-3181,3374
hsa-mir-526a-2,3375
hsa-miR-654-3p,3376
hsa-miR-3146,3377
hsa-miR-6743-3p,3378
hsa-mir-6744,3379
hsa-miR-8086,3380
hsa-mir-675-5p,3381
hsa-mir-452,3382
hsa-miR-330-3p,3383
hsa-miR-6722-3p,3384
hsa-mir-16-2-3p,3385
hsa-mir-3913-5p,3386
hsa-mir-1178-5p,3387
hsa-mir-576-5p,3388
hsa-miR-4265,3389
hsa-mir-1183,3390
hsa-mir-548q,3391
hsa-mir-214-3p,3392
hsa-mir-128-2,3393
hsa-mir-374a-5p,3394
hsa-miR-6810-3p,3395
hsa-mir-363-3p,3396
hsa-miR-4488,3397
hsa-mir-542,3398
hsa-mir-6873-3p,3399
hsa-mir-486-3p,3400
hsa-mir-1252,3401
hsa-mir-6775-5p,3402
hsa-mir-18b-3p,3403
hsa-miR-4741,3404
hsa-miR-148b-3p,3405
hsa-mir-5582,3406
hsa-miR-497-3p,3407
hsa-mir-4261,3408
hsa-mir-192-5p,3409
hsa-mir-1275,3410
hsa-mir-127-5p,3411
hsa-mir-323b-3p,3412
hsa-mir-1224-3p,3413
hsa-miR-508-3p,3414
hsa-miR-3938,3415
hsa-miR-8068,3416
hsa-mir-3972,3417
hsa-mir-4687-3p,3418
hsa-mir-369-3p,3419
hsa-miR-5708,3420
hsa-miR-580-3p,3421
hsa-miR-8064,3422
hsa-miR-6069,3423
hsa-miR-4744,3424
hsa-miR-1538,3425
hsa-miR-3140-3p,3426
hsa-mir-302c-5p,3427
hsa-mir-578,3428
hsa-mir-508-3p,3429
hsa-miR-2115-3p,3430
hsa-miR-4431,3431
hsa-mir-103a-2,3432
hsa-miR-1265,3433
hsa-mir-6877,3434
hsa-mir-550a-5p,3435
hsa-mir-138-1,3436
hsa-mir-526b-3p,3437
hsa-miR-6815-3p,3438
hsa-mir-376c-5p,3439
hsa-miR-6773-3p,3440
hsa-miR-6859-3p,3441
hsa-mir-627-5p,3442
hsa-miR-323a-3p,3443
hsa-miR-6719-3p,3444
hsa-miR-3121-3p,3445
hsa-mir-3714,3446
hsa-mir-518f-3p,3447
hsa-miR-142-3p,3448
hsa-miR-6886-3p,3449
hsa-mir-361,3450
hsa-miR-423-3p,3451
hsa-mir-369,3452
hsa-mir-6831-3p,3453
hsa-miR-548aq-3p,3454
hsa-mir-4664-3p,3455
hsa-miR-4657,3456
hsa-mir-5590,3457
hsa-miR-4721,3458
hsa-mir-668-5p,3459
hsa-miR-4498,3460
hsa-mir-4650-3p,3461
hsa-mir-6852-5p,3462
hsa-mir-3186,3463
hsa-miR-4462,3464
hsa-miR-6071,3465
hsa-miR-4773,3466
hsa-mir-1470,3467
hsa-mir-1-3p,3468
hsa-mir-4695,3469
hsa-miR-4449,3470
hsa-mir-508-5p,3471
hsa-miR-3117-3p,3472
hsa-mir-197-5p,3473
hsa-mir-3146,3474
hsa-miR-370-3p,3475
hsa-miR-205-3p,3476
hsa-miR-1193,3477
hsa-mir-4443,3478
hsa-miR-6884-3p,3479
hsa-mir-3663-5p,3480
hsa-miR-4755-3p,3481
hsa-miR-6500-3p,3482
hsa-miR-4287,3483
hsa-mir-4496,3484
hsa-mir-8069,3485
hsa-mir-4732,3486
hsa-mir-5682,3487
hsa-miR-6874-3p,3488
hsa-miR-1468-3p,3489
hsa-mir-125b-1-3p,3490
hsa-mir-548am-3p,3491
hsa-mir-1181,3492
hsa-mir-5694,3493
hsa-mir-520g-5p,3494
hsa-mir-223-3p,3495
hsa-miR-8056,3496
hsa-mir-4639-5p,3497
hsa-mir-191,3498
hsa-miR-6732-3p,3499
hsa-miR-1323,3500
hsa-mir-183-5p,3501
hsa-miR-1278,3502
hsa-mir-5187-5p,3503
hsa-miR-5683,3504
hsa-mir-513c-5p,3505
hsa-miR-548q,3506
hsa-mir-4736,3507
hsa-miR-4634,3508
hsa-mir-3622a,3509
hsa-miR-5787,3510
hsa-mir-301a,3511
hsa-miR-8054,3512
hsa-miR-3143,3513
hsa-mir-520f,3514
hsa-mir-1914-3p,3515
hsa-mir-652-5p,3516
hsa-mir-4744,3517
hsa-mir-3614,3518
hsa-miR-1303,3519
hsa-miR-6765-3p,3520
hsa-miR-649,3521
hsa-miR-4285,3522
hsa-mir-663b,3523
miRNAname,3524
hsa-mir-4253,3525
hsa-miR-891a-3p,3526
hsa-mir-548ai,3527
hsa-mir-622,3528
hsa-miR-193a-3p,3529
hsa-mir-4772-5p,3530
hsa-mir-125b-5p,3531
hsa-miR-3944-3p,3532
hsa-miR-7849-3p,3533
hsa-mir-526a-1,3534
hsa-miR-3974,3535
hsa-miR-588,3536
hsa-miR-5000-3p,3537
hsa-mir-450a-5p,3538
hsa-miR-8089,3539
hsa-mir-6718,3540
hsa-miR-451a,3541
hsa-miR-3664-3p,3542
hsa-mir-5699-5p,3543
hsa-mir-3162-3p,3544
hsa-mir-4485,3545
hsa-mir-1185-5p,3546
hsa-mir-3121,3547
hsa-mir-608,3548
hsa-mir-100-5p,3549
hsa-mir-3149,3550
hsa-miR-3185,3551
hsa-mir-3118,3552
hsa-mir-4712,3553
hsa-miR-141-3p,3554
hsa-mir-4768,3555
hsa-miR-6512-3p,3556
hsa-mir-1290,3557
hsa-mir-874-3p,3558
hsa-mir-519d,3559
hsa-mir-196b-3p,3560
hsa-mir-181a-3p,3561
hsa-miR-6799-3p,3562
hsa-mir-106a-3p,3563
hsa-mir-766-5p,3564
hsa-miR-517b-3p,3565
hsa-miR-3168,3566
hsa-mir-1236,3567
hsa-mir-520g-3p,3568
hsa-miR-4698,3569
hsa-miR-7976,3570
hsa-mir-32-5p,3571
hsa-miR-4422,3572
hsa-mir-1321,3573
hsa-mir-141,3574
hsa-mir-6755,3575
hsa-mir-129-1-3p,3576
hsa-miR-3150a-3p,3577
hsa-miR-606,3578
hsa-mir-150-5p,3579
hsa-mir-130a-3p,3580
hsa-mir-135a-5p,3581
hsa-mir-320b,3582
hsa-miR-4648,3583
hsa-mir-497-3p,3584
hsa-mir-1179,3585
hsa-mir-6784,3586
hsa-mir-33b,3587
hsa-mir-548v,3588
hsa-mir-3196,3589
hsa-mir-524-3p,3590
hsa-mir-133a-2,3591
hsa-mir-4301,3592
hsa-mir-7-1-3p,3593
hsa-mir-6886-5p,3594
hsa-miR-148a-3p,3595
hsa-miR-4451,3596
hsa-miR-4427,3597
hsa-mir-668-3p,3598
hsa-mir-6875-5p,3599
hsa-mir-374b-3p,3600
hsa-miR-1205,3601
hsa-mir-548c,3602
hsa-miR-4483,3603
hsa-miR-1269a,3604
hsa-mir-342-3p,3605
hsa-miR-1266-3p,3606
hsa-mir-384,3607
hsa-mir-181c-5p,3608
hsa-mir-200c-3p,3609
hsa-mir-376a-2,3610
hsa-miR-3651,3611
hsa-mir-4764-5p,3612
hsa-mir-649,3613
hsa-mir-576-3p,3614
hsa-miR-873-3p,3615
hsa-miR-4276,3616
hsa-miR-490-3p,3617
hsa-mir-3188,3618
hsa-mir-3925-5p,3619
hsa-mir-4716,3620
hsa-mir-579-3p,3621
hsa-miR-154-3p,3622
hsa-mir-6875,3623
hsa-mir-218-1,3624
hsa-miR-1258,3625
hsa-mir-8485,3626
hsa-mir-26b,3627
hsa-mir-4660,3628
hsa-mir-664a-3p,3629
hsa-miR-422a,3630
hsa-miR-4782-3p,3631
hsa-miR-4464,3632
hsa-miR-3929,3633
hsa-miR-577,3634
hsa-miR-4273,3635
hsa-miR-3177-3p,3636
hsa-mir-450a-1-3p,3637
hsa-mir-4644,3638
hsa-mir-1909,3639
hsa-mir-1245b-3p,3640
hsa-mir-3646,3641
hsa-mir-4695-5p,3642
hsa-miR-3674,3643
hsa-mir-194-1,3644
hsa-mir-4494,3645
hsa-mir-513a-3p,3646
hsa-miR-6744-3p,3647
hsa-mir-7109-5p,3648
hsa-miR-5682,3649
hsa-mir-656-3p,3650
hsa-miR-3609,3651
hsa-mir-1178,3652
hsa-mir-99a,3653
hsa-mir-451b,3654
hsa-mir-99b,3655
hsa-mir-1185-2,3656
hsa-mir-4481,3657
hsa-mir-1273c,3658
hsa-mir-6780b-5p,3659
hsa-mir-6756,3660
hsa-mir-548a-1,3661
hsa-miR-421,3662
hsa-mir-30e-5p,3663
hsa-mir-711,3664
hsa-mir-382-5p,3665
hsa-mir-6760,3666
hsa-mir-3065,3667
hsa-mir-6873,3668
hsa-miR-3153,3669
hsa-mir-4290,3670
hsa-mir-125b-2-3p,3671
hsa-mir-664a-5p,3672
hsa-miR-526a,3673
hsa-mir-500a-3p,3674
hsa-mir-525-3p,3675
hsa-miR-1181,3676
hsa-mir-191-5p,3677
hsa-let-7d,3678
hsa-mir-3174,3679
hsa-mir-4518,3680
hsa-mir-548s,3681
hsa-mir-646,3682
hsa-miR-1226-3p,3683
hsa-mir-141-3p,3684
hsa-mir-3189-3p,3685
hsa-miR-548o-3p,3686
hsa-miR-5695,3687
hsa-miR-3142,3688
hsa-mir-6077,3689
hsa-miR-4438,3690
hsa-miR-3190-3p,3691
hsa-miR-221-3p,3692
hsa-mir-485-5p,3693
hsa-mir-580,3694
hsa-miR-921,3695
hsa-mir-302f,3696
hsa-miR-6811-3p,3697
hsa-mir-335-5p,3698
hsa-mir-6802,3699
hsa-mir-195-3p,3700
hsa-miR-548aw,3701
hsa-mir-208b-5p,3702
hsa-miR-605-3p,3703
hsa-mir-3666,3704
hsa-miR-23b-3p,3705
hsa-miR-320b,3706
hsa-miR-520c-3p,3707
hsa-miR-8059,3708
hsa-mir-3529,3709
hsa-miR-1914-3p,3710
hsa-mir-148b,3711
hsa-miR-1185-1-3p,3712
hsa-miR-1307-3p,3713
hsa-miR-4663,3714
hsa-mir-25,3715
hsa-miR-200a-3p,3716
hsa-mir-4661-5p,3717
hsa-mir-221-5p,3718
hsa-miR-6073,3719
hsa-mir-4646,3720
hsa-miR-3714,3721
hsa-mir-561-3p,3722
hsa-miR-3918,3723
hsa-mir-362-3p,3724
hsa-mir-490-5p,3725
hsa-miR-5680,3726
hsa-mir-3681,3727
hsa-miR-3679-3p,3728
hsa-mir-149-5p,3729
hsa-mir-370-3p,3730
hsa-miR-6718-5p,3731
hsa-mir-544a,3732
hsa-miR-525-3p,3733
hsa-mir-345-5p,3734
hsa-miR-3650,3735
hsa-mir-152,3736
hsa-mir-126-3p,3737
hsa-miR-4292,3738
hsa-mir-7160,3739
hsa-mir-6836-5p,3740
hsa-mir-523-3p,3741
hsa-mir-5003-3p,3742
hsa-miR-4477b,3743
