Accession,Symbol,Sequence
MIMAT0000104,hsa-miR-107,AGCAGCAUUGUACAGGGCUAUCA
MIMAT0000228,hsa-miR-198,GGUCCAGAGGGGAGAUAGGUUC
MIMAT0000251,hsa-miR-147a,GUGUGUGGAAAUGCUUCUGC
MIMAT0000454,hsa-miR-184,UGGACGGAGAACUGAUAAGGGU
MIMAT0000462,hsa-miR-206,UGGAAUGUAAGGAAGUGUGUGG
MIMAT0000756,hsa-miR-326,CCUCUGGGCCCUUCCUCCAG
MIMAT0000770,hsa-miR-133b,UUUGGUCCCCUUCAACCAGCUA
MIMAT0000771,hsa-miR-325,CCUAGUAGGUGUCCAGUAAGUGU
MIMAT0000773,hsa-miR-346,UGUCUGCCCGCAUGCCUGCCUCU
MIMAT0001075,hsa-miR-384,AUUCCUAGAAAUUGUUCAUA
MIMAT0001339,hsa-miR-422a,ACUGGACUUAGGGUCAGAAGGC
MIMAT0001532,hsa-miR-448,UUGCAUAUGUAGGAUGUCCCAU
MIMAT0001536,hsa-miR-429,UAAUACUGUCUGGUAAAACCGU
MIMAT0001541,hsa-miR-449a,UGGCAGUGUAUUGUUAGCUGGU
MIMAT0001631,hsa-miR-451a,AAACCGUUACCAUUACUGAGUU
MIMAT0002174,hsa-miR-484,UCAGGCUCAGUCCCCUCCCGAU
MIMAT0002812,hsa-miR-492,AGGACCUGCGGGACAAGAUUCUU
MIMAT0002818,hsa-miR-496,UGAGUAUUACAUGGCCAAUCUC
MIMAT0002844,hsa-miR-518b,CAAAGCGCUCCCCUUUAGAGGU
MIMAT0002854,hsa-miR-521,AACGCACUUCCCUUUAGAGUGU
MIMAT0002867,hsa-miR-520h,ACAAAGUGCUUCCCUUUAGAGU
MIMAT0002862,hsa-miR-527,CUGCAAAGGGAAGCCCUUUC
MIMAT0002879,hsa-miR-507,UUUUGCACCUUUUGGAGUGAA
MIMAT0003164,hsa-miR-544a,AUUCUGCAUUUUUAGCAAGUUC
MIMAT0003214,hsa-miR-551a,GCGACCCACUCUUGGUUUCCA
MIMAT0003216,hsa-miR-553,AAAACGGUGAGAUUUUGUUUU
MIMAT0003217,hsa-miR-554,GCUAGUCCUGACUCAGCCAGU
MIMAT0003219,hsa-miR-555,AGGGUAAGCUGAACCUCUGAU
MIMAT0003221,hsa-miR-557,GUUUGCACGGGUGGGCCUUGUCU
MIMAT0003222,hsa-miR-558,UGAGCUGCUGUACCAAAAU
MIMAT0003223,hsa-miR-559,UAAAGUAAAUAUGCACCAAAA
MIMAT0003226,hsa-miR-562,AAAGUAGCUGUACCAUUUGC
MIMAT0003227,hsa-miR-563,AGGUUGACAUACGUUUCCC
MIMAT0003228,hsa-miR-564,AGGCACGGUGUCAGCAGGC
MIMAT0003231,hsa-miR-567,AGUAUGUUCUUCCAGGACAGAAC
MIMAT0003232,hsa-miR-568,AUGUAUAAAUGUAUACACAC
MIMAT0003234,hsa-miR-569,AGUUAAUGAAUCCUGGAAAGU
MIMAT0003236,hsa-miR-571,UGAGUUGGCCAUCUGAGUGAG
MIMAT0003237,hsa-miR-572,GUCCGCUCGGCGGUGGCCCA
MIMAT0003238,hsa-miR-573,CUGAAGUGAUGUGUAACUGAUCAG
MIMAT0003240,hsa-miR-575,GAGCCAGUUGGACAGGAGC
MIMAT0003242,hsa-miR-577,UAGAUAAAAUAUUGGUACCUG
MIMAT0003243,hsa-miR-578,CUUCUUGUGCUCUAGGAUUGU
MIMAT0003246,hsa-miR-581,UCUUGUGUUCUCUAGAUCAGU
MIMAT0003248,hsa-miR-583,CAAAGAGGAAGGUCCCAUUAC
MIMAT0003252,hsa-miR-586,UAUGCAUUGUAUUUUUAGGUCC
MIMAT0003253,hsa-miR-587,UUUCCAUAGGUGAUGAGUCAC
MIMAT0003255,hsa-miR-588,UUGGCCACAAUGGGUUAGAAC
MIMAT0003259,hsa-miR-591,AGACCAUGGGUUCUCAUUGU
MIMAT0003260,hsa-miR-592,UUGUGUCAAUAUGCGAUGAUGU
MIMAT0003263,hsa-miR-595,GAAGUGUGCCGUGGUGUGUCU
MIMAT0003264,hsa-miR-596,AAGCCUGCCCGGCUCCUCGGG
MIMAT0003267,hsa-miR-599,GUUGUGUCAGUUUAUCAAAC
MIMAT0003268,hsa-miR-600,ACUUACAGACAAGAGCCUUGCUC
MIMAT0003269,hsa-miR-601,UGGUCUAGGAUUGUUGGAGGAG
MIMAT0003270,hsa-miR-602,GACACGGGCGACAGCUGCGGCCC
MIMAT0003271,hsa-miR-603,CACACACUGCAAUUACUUUUGC
MIMAT0003272,hsa-miR-604,AGGCUGCGGAAUUCAGGAC
MIMAT0003274,hsa-miR-606,AAACUACUGAAAAUCAAAGAU
MIMAT0003275,hsa-miR-607,GUUCAAAUCCAGAUCUAUAAC
MIMAT0003276,hsa-miR-608,AGGGGUGGUGUUGGGACAGCUCCGU
MIMAT0003277,hsa-miR-609,AGGGUGUUUCUCUCAUCUCU
MIMAT0003278,hsa-miR-610,UGAGCUAAAUGUGUGCUGGGA
MIMAT0003279,hsa-miR-611,GCGAGGACCCCUCGGGGUCUGAC
MIMAT0003280,hsa-miR-612,GCUGGGCAGGGCUUCUGAGCUCCUU
MIMAT0003281,hsa-miR-613,AGGAAUGUUCCUUCUUUGCC
MIMAT0003282,hsa-miR-614,GAACGCCUGUUCUUGCCAGGUGG
MIMAT0003286,hsa-miR-617,AGACUUCCCAUUUGAAGGUGGC
MIMAT0003287,hsa-miR-618,AAACUCUACUUGUCCUUCUGAGU
MIMAT0003289,hsa-miR-620,AUGGAGAUAGAUAUAGAAAU
MIMAT0003290,hsa-miR-621,GGCUAGCAACAGCGCUUACCU
MIMAT0003291,hsa-miR-622,ACAGUCUGCUGAGGUUGGAGC
MIMAT0003292,hsa-miR-623,AUCCCUUGCAGGGGCUGUUGGGU
MIMAT0003295,hsa-miR-626,AGCUGUCUGAAAAUGUCUU
MIMAT0003299,hsa-miR-630,AGUAUUCUGUACCAGGGAAGGU
MIMAT0003300,hsa-miR-631,AGACCUGGCCCAGACCUCAGC
MIMAT0003302,hsa-miR-632,GUGUCUGCUUCCUGUGGGA
MIMAT0003303,hsa-miR-633,CUAAUAGUAUCUACCACAAUAAA
MIMAT0003304,hsa-miR-634,AACCAGCACCCCAACUUUGGAC
MIMAT0003305,hsa-miR-635,ACUUGGGCACUGAAACAAUGUCC
MIMAT0003306,hsa-miR-636,UGUGCUUGCUCGUCCCGCCCGCA
MIMAT0003307,hsa-miR-637,ACUGGGGGCUUUCGGGCUCUGCGU
MIMAT0003308,hsa-miR-638,AGGGAUCGCGGGCGGGUGGCGGCCU
MIMAT0003309,hsa-miR-639,AUCGCUGCGGUUGCGAGCGCUGU
MIMAT0003310,hsa-miR-640,AUGAUCCAGGAACCUGCCUCU
MIMAT0003311,hsa-miR-641,AAAGACAUAGGAUAGAGUCACCUC
MIMAT0003313,hsa-miR-643,ACUUGUAUGCUAGCUCAGGUAG
MIMAT0003314,hsa-miR-644a,AGUGUGGCUUUCUUAGAGC
MIMAT0003315,hsa-miR-645,UCUAGGCUGGUACUGCUGA
MIMAT0003316,hsa-miR-646,AAGCAGCUGCCUCUGAGGC
MIMAT0003317,hsa-miR-647,GUGGCUGCACUCACUUCCUUC
MIMAT0003318,hsa-miR-648,AAGUGUGCAGGGCACUGGU
MIMAT0003319,hsa-miR-649,AAACCUGUGUUGUUCAAGAGUC
MIMAT0003320,hsa-miR-650,AGGAGGCAGCGCUCUCAGGAC
MIMAT0003324,hsa-miR-661,UGCCUGGGUCUCUGGCCUGCGCGU
MIMAT0003325,hsa-miR-662,UCCCACGUUGUGGCCCAGCAG
MIMAT0003326,hsa-miR-663a,AGGCGGGGCGCCGCGGGACCGC
MIMAT0003335,hsa-miR-657,GGCAGGUUCUCACCCUCUCUAGG
MIMAT0003336,hsa-miR-658,GGCGGAGGGAAGUAGGUCCGUUGGU
MIMAT0003339,hsa-miR-421,AUCAACAGACAUUAAUUGGGCGC
MIMAT0005791,hsa-miR-1264,CAAGUCUUAUUUGAGCACCUGUU
MIMAT0010214,hsa-miR-151b,UCGAGGAGCUCACAGUCU
MIMAT0005792,hsa-miR-320b,AAAAGCUGGGUUGAGAGGGCAA
MIMAT0005793,hsa-miR-320c,AAAAGCUGGGUUGAGAGGGU
MIMAT0005795,hsa-miR-1323,UCAAAACUGAGGGGCAUUUUCU
MIMAT0005799,hsa-miR-1283,UCUACAAAGGAAAGCGCUUUCU
MIMAT0018926,hsa-miR-378d,ACUGGACUUGGAGUCAGAAA
MIMAT0010313,hsa-miR-762,GGGGCUGGGGCCGGGGCCGAGC
MIMAT0004185,hsa-miR-802,CAGUAACAAAGAUUCAUCCUUGU
MIMAT0009206,hsa-miR-2113,AUUUGUGCUUGGCUCUGUCAC
MIMAT0010364,hsa-miR-761,GCAGCAGGGUGAAACUGACACA
MIMAT0010367,hsa-miR-764,GCAGGUGCUCACUUGUCCUCCU
MIMAT0010497,hsa-miR-759,GCAGAGUGCAAACAAUUUUGAC
MIMAT0003945,hsa-miR-765,UGGAGGAGAAGGAAGGUGAUG
MIMAT0003948,hsa-miR-770-5p,UCCAGUACCACGUGUCAGGGCCA
MIMAT0004901,hsa-miR-298,AGCAGAAGCAGGGAGGUUCUCCCA
MIMAT0004903,hsa-miR-300,UAUACAAGGGCAGACUCUCUCU
MIMAT0004907,hsa-miR-892a,CACUGUGUCCUUUCUGCGUAG
MIMAT0004912,hsa-miR-890,UACUUGGAAAGGCAUCAGUUG
MIMAT0004913,hsa-miR-891b,UGCAACUUACCUGAGUCAUUGA
MIMAT0004918,hsa-miR-892b,CACUGGCUCCUUUCUGGGUAGA
MIMAT0004952,hsa-miR-665,ACCAGGAGGCUGAGGCCCCU
MIMAT0004954,hsa-miR-543,AAACAUUCGCGGUGCACUUCUU
MIMAT0004957,hsa-miR-760,CGGCUCUGGGUCUGUGGGGA
MIMAT0004970,hsa-miR-920,GGGGAGCUGUGGAAGCAGUA
MIMAT0004971,hsa-miR-921,CUAGUGAGGGACAGAACCAGGAUUC
MIMAT0004972,hsa-miR-922,GCAGCAGAGAAUAGGACUACGUC
MIMAT0004974,hsa-miR-924,AGAGUCUUGUGAUGUCUUGC
MIMAT0004976,hsa-miR-933,UGUGCGCAGGGAGACCUCUCCC
MIMAT0004977,hsa-miR-934,UGUCUACUACUGGAGACACUGG
MIMAT0004978,hsa-miR-935,CCAGUUACCGCUUCCGCUACCGC
MIMAT0004979,hsa-miR-936,ACAGUAGAGGGAGGAAUCGCAG
MIMAT0004981,hsa-miR-938,UGCCCUUAAAGGUGAACCCAGU
MIMAT0004983,hsa-miR-940,AAGGCAGGGCCCCCGCUCCCC
MIMAT0004984,hsa-miR-941,CACCCGGCUGUGUGCACAUGUGC
MIMAT0004986,hsa-miR-943,CUGACUGUUGCCGUCCUCCAG
MIMAT0004987,hsa-miR-944,AAAUUAUUGUACAUCGGAUGAG
MIMAT0004450,hsa-miR-297,AUGUAUGUGUGCAUGUGCAUG
MIMAT0005824,hsa-miR-1179,AAGCAUUCUUUCAUUGGUUGG
MIMAT0005826,hsa-miR-1181,CCGUCGCCGCCACCCGAGCCG
MIMAT0005827,hsa-miR-1182,GAGGGUCUUGGGAGGGAUGUGAC
MIMAT0005828,hsa-miR-1183,CACUGUAGGUGAUGGUGAGAGUGGGCA
MIMAT0005829,hsa-miR-1184,CCUGCAGCGACUUGAUGGCUUCC
MIMAT0005586,hsa-miR-1231,GUGUCUGGGCGGACAGCUGC
MIMAT0005589,hsa-miR-1234-3p,UCGGCCUGACCACCCACCCCAC
MIMAT0005863,hsa-miR-1200,CUCCUGAGCCAUUCUGAGCCUC
MIMAT0005865,hsa-miR-1202,GUGCCAGCUGCAGUGGGGGAG
MIMAT0005866,hsa-miR-1203,CCCGGAGCCAGGAUGCAGCUC
MIMAT0005867,hsa-miR-663b,GGUGGCCCGGCCGUGCCUGAGG
MIMAT0005868,hsa-miR-1204,UCGUGGCCUGGUCUCCAUUAU
MIMAT0005869,hsa-miR-1205,UCUGCAGGGUUUGCUUUGAG
MIMAT0005870,hsa-miR-1206,UGUUCAUGUAGAUGUUUAAGC
MIMAT0005873,hsa-miR-1208,UCACUGUUCAGACAGGCGGA
MIMAT0005877,hsa-miR-1286,UGCAGGACCAAGAUGAGCCCU
MIMAT0005879,hsa-miR-1289,UGGAGUCCAGGAAUCUGCAUUUU
MIMAT0005880,hsa-miR-1290,UGGAUUUUUGGAUCAGGGA
MIMAT0005881,hsa-miR-1291,UGGCCCUGACUGAAGACCAGCAGU
MIMAT0005882,hsa-miR-548k,AAAAGUACUUGCGGAUUUUGCU
MIMAT0005883,hsa-miR-1293,UGGGUGGUCUGGAGAUUUGUGC
MIMAT0005884,hsa-miR-1294,UGUGAGGUUGGCAUUGUUGUCU
MIMAT0005885,hsa-miR-1295a,UUAGGCCGCAGAUCUGGGUGA
MIMAT0005886,hsa-miR-1297,UUCAAGUAAUUCAGGUG
MIMAT0005887,hsa-miR-1299,UUCUGGAAUUCUGUGUGAGGGA
MIMAT0005889,hsa-miR-548l,AAAAGUAUUUGCGGGUUUUGUC
MIMAT0005890,hsa-miR-1302,UUGGGACAUACUUAUGCUAAA
MIMAT0005891,hsa-miR-1303,UUUAGAGACGGGGUCUUGCUCU
MIMAT0005893,hsa-miR-1305,UUUUCAACUCUAAUGGGAGAGA
MIMAT0005894,hsa-miR-1243,AACUGGAUCAAUUAUAGGAGUG
MIMAT0005896,hsa-miR-1244,AAGUAGUUGGUUUGUAUGAGAUGGUU
MIMAT0005897,hsa-miR-1245a,AAGUGAUCUAAAGGCCUACAU
MIMAT0005898,hsa-miR-1246,AAUGGAUUUUUGGAGCAGG
MIMAT0005900,hsa-miR-1248,ACCUUCUUGUAUAAGCACUGUGCUAAA
MIMAT0005904,hsa-miR-1253,AGAGAAGAAGAUCAGCCUGCA
MIMAT0005906,hsa-miR-1255a,AGGAUGAGCAAAGAAAGUAGAUU
MIMAT0005907,hsa-miR-1256,AGGCAUUGACUUCUCACUAGCU
MIMAT0005908,hsa-miR-1257,AGUGAAUGAUGGGUUCUGACC
MIMAT0005909,hsa-miR-1258,AGUUAGGAUUAGGUCGUGGAA
MIMAT0005911,hsa-miR-1260a,AUCCCACCUCUGCCACCA
MIMAT0005913,hsa-miR-1261,AUGGAUAAGGCUUUGGCUU
MIMAT0005914,hsa-miR-1262,AUGGGUGAAUUUGUAGAAGGAU
MIMAT0005915,hsa-miR-1263,AUGGUACCCUGGCAUACUGAGU
MIMAT0005916,hsa-miR-548n,CAAAAGUAAUUGUGGAUUUUGU
MIMAT0005917,hsa-miR-548m,CAAAGGUAUUUGUGGUUUUUG
MIMAT0005918,hsa-miR-1265,CAGGAUGUGGUCAAGUGUUGUU
MIMAT0005921,hsa-miR-1267,CCUGUUGAAGUGUAAUCCCCA
MIMAT0005922,hsa-miR-1268a,CGGGCGUGGUGGUGGGGG
MIMAT0005923,hsa-miR-1269a,CUGGACUGAGCCGUGCUACUGG
MIMAT0005924,hsa-miR-1270,CUGGAGAUAUGGAAGAGCUGUGU
MIMAT0005925,hsa-miR-1272,GAUGAUGAUGGCAGCAAAUUCUGAAA
MIMAT0005929,hsa-miR-1275,GUGGGGGAGAGGCUGUC
MIMAT0005930,hsa-miR-1276,UAAAGAGCCCUGUGGAGACA
MIMAT0005931,hsa-miR-302e,UAAGUGCUUCCAUGCUU
MIMAT0005932,hsa-miR-302f,UAAUUGCUUCCAUGUUU
MIMAT0005934,hsa-miR-548p,UAGCAAAAACUGCAGUUACUUU
MIMAT0005935,hsa-miR-548i,AAAAGUAAUUGCGGAUUUUGCC
MIMAT0005936,hsa-miR-1278,UAGUACUGUGCAUAUCAUCUAU
MIMAT0005937,hsa-miR-1279,UCAUAUUGCUUCUUUCU
MIMAT0005939,hsa-miR-1281,UCGCCUCCUCCUCUCCC
MIMAT0005940,hsa-miR-1282,UCGUUUGCCUUUUUCUGCUU
MIMAT0005941,hsa-miR-1284,UCUAUACAGACCCUGGCUUUUC
MIMAT0005952,hsa-miR-1321,CAGGGAGGUGAAUGUGAU
MIMAT0005953,hsa-miR-1322,GAUGAUGCUGCUGAUGCUG
MIMAT0005955,hsa-miR-1197,UAGGACACAUGGUCUACUUCU
MIMAT0005956,hsa-miR-1324,CCAGACAGAAUUCUAUGCACUUUC
MIMAT0007347,hsa-miR-1469,CUCGGCGCGGGGCGCGGGCUCC
MIMAT0007348,hsa-miR-1470,GCCCUCCGCCCGUGCACCCCG
MIMAT0007349,hsa-miR-1471,GCCCGCGUGUGGAGCCAGGUGU
MIMAT0007400,hsa-miR-1538,CGGCCCGGGCUGCUGCUGUUCCU
MIMAT0007401,hsa-miR-1539,UCCUGCGCGUCCCAGAUGCCC
MIMAT0007402,hsa-miR-103b,UCAUAGCCCUGUACAAUGCUGCU
MIMAT0006764,hsa-miR-320d,AAAAGCUGGGUUGAGAGGA
MIMAT0006765,hsa-miR-1825,UCCAGUGCCCUCCUCUCC
MIMAT0006767,hsa-miR-1827,UGAGGCAGUAGAUUGAAU
MIMAT0007888,hsa-miR-1913,UCUGCCCCCUCCGCUGCUGCCA
MIMAT0009447,hsa-miR-1972,UCAGGCCAGGCACAGUGGCUCA
MIMAT0009448,hsa-miR-1973,ACCGUGCAAAGGUAGCAUA
MIMAT0009451,hsa-miR-1976,CCUCCUGCCCUCCUUGCUGU
MIMAT0009977,hsa-miR-2052,UGUUUUGAUAACAGUAAUGU
MIMAT0009978,hsa-miR-2053,GUGUUAAUUAAACCUCUAUUUAC
MIMAT0009979,hsa-miR-2054,CUGUAAUAUAAAUUUAAUUUAUU
MIMAT0010133,hsa-miR-2110,UUGGGGAAACGGCCGCUGAGUG
MIMAT0011162,hsa-miR-2117,UGUUCUCUUUGCCAAGGACAG
MIMAT0011163,hsa-miR-548q,GCUGGUGCAAAAGUAAUGGCGG
MIMAT0011778,hsa-miR-2278,GAGAGCAGUGUGUGUUGCCUGG
MIMAT0012734,hsa-miR-711,GGGACCCAGGGAGAGACGUAAG
MIMAT0012735,hsa-miR-718,CUUCCGCCCCGCCGGGCGUCG
MIMAT0013802,hsa-miR-2861,GGGGCCUGGCGGUGGGCGG
MIMAT0013863,hsa-miR-2909,GUUAGGGCCAACAUCUCUUGG
MIMAT0014977,hsa-miR-3115,AUAUGGGUUUACUAGUUGGU
MIMAT0014978,hsa-miR-3116,UGCCUGGAACAUAGUAGGGACU
MIMAT0014980,hsa-miR-3118,UGUGACUGCAUUAUGAAAAUUCU
MIMAT0014981,hsa-miR-3119,UGGCUUUUAACUUUGAUGGC
MIMAT0014984,hsa-miR-3122,GUUGGGACAAGAGGACGGUCUU
MIMAT0014985,hsa-miR-3123,CAGAGAAUUGUUUAAUC
MIMAT0014987,hsa-miR-548s,AUGGCCAAAACUGCAGUUAUUUU
MIMAT0014988,hsa-miR-3125,UAGAGGAAGCUGUGGAGAGA
MIMAT0014991,hsa-miR-3128,UCUGGCAAGUAAAAAACUCUCAU
MIMAT0014996,hsa-miR-3131,UCGAGGACUGGUGGAAGGGCCUU
MIMAT0014997,hsa-miR-3132,UGGGUAGAGAAGGAGCUCAGAGGA
MIMAT0014998,hsa-miR-3133,UAAAGAACUCUUAAAACCCAAU
MIMAT0014999,hsa-miR-378b,ACUGGACUUGGAGGCAGAA
MIMAT0015000,hsa-miR-3134,UGAUGGAUAAAAGACUACAUAUU
MIMAT0015001,hsa-miR-3135a,UGCCUAGGCUGAGACUGCAGUG
MIMAT0015002,hsa-miR-466,AUACACAUACACGCAACACACAU
MIMAT0015004,hsa-miR-544b,ACCUGAGGUUGUGCAUUUCUAA
MIMAT0015005,hsa-miR-3137,UCUGUAGCCUGGGAGCAAUGGGGU
MIMAT0015006,hsa-miR-3138,UGUGGACAGUGAGGUAGAGGGAGU
MIMAT0015007,hsa-miR-3139,UAGGAGCUCAACAGAUGCCUGUU
MIMAT0015010,hsa-miR-3141,GAGGGCGGGUGGAGGAGGA
MIMAT0015011,hsa-miR-3142,AAGGCCUUUCUGAACCUUCAGA
MIMAT0015012,hsa-miR-3143,AUAACAUUGUAAAGCGCUUCUUUCG
MIMAT0015013,hsa-miR-548u,CAAAGACUGCAAUUACUUUUGCG
MIMAT0015017,hsa-miR-1273c,GGCGACAAAACGAGACCCUGUC
MIMAT0015018,hsa-miR-3146,CAUGCUAGGAUAGAAAGAAUGG
MIMAT0015019,hsa-miR-3147,GGUUGGGCAGUGAGGAGGGUGUGA
MIMAT0015020,hsa-miR-548v,AGCUACAGUUACUUUUGCACCA
MIMAT0015021,hsa-miR-3148,UGGAAAAAACUGGUGUGUGCUU
MIMAT0015022,hsa-miR-3149,UUUGUAUGGAUAUGUGUGUGUAU
MIMAT0015026,hsa-miR-3153,GGGGAAAGCGAGUAGGGACAUUU
MIMAT0015028,hsa-miR-3154,CAGAAGGGGAGUUGGGAGCAGA
MIMAT0015029,hsa-miR-3155a,CCAGGCUCUGCAGUGGGAACU
MIMAT0015033,hsa-miR-3159,UAGGAUUACAAGUGUCGGCCAC
MIMAT0015035,hsa-miR-3161,CUGAUAAGAACAGAGGCCCAGAU
MIMAT0015037,hsa-miR-3163,UAUAAAAUGAGGGCAGUAAGAC
MIMAT0015038,hsa-miR-3164,UGUGACUUUAAGGGAAAUGGCG
MIMAT0015039,hsa-miR-3165,AGGUGGAUGCAAUGUGACCUCA
MIMAT0015040,hsa-miR-3166,CGCAGACAAUGCCUACUGGCCUA
MIMAT0015041,hsa-miR-1260b,AUCCCACCACUGCCACCAU
MIMAT0015042,hsa-miR-3167,AGGAUUUCAGAAAUACUGGUGU
MIMAT0015043,hsa-miR-3168,GAGUUCUACAGUCAGAC
MIMAT0015044,hsa-miR-3169,UAGGACUGUGCUUGGCACAUAG
MIMAT0015045,hsa-miR-3170,CUGGGGUUCUGAGACAGACAGU
MIMAT0015046,hsa-miR-3171,AGAUGUAUGGAAUCUGUAUAUAUC
MIMAT0015049,hsa-miR-1193,GGGAUGGUAGACCGGUGACGUGC
MIMAT0015051,hsa-miR-3174,UAGUGAGUUAGAGAUGCAGAGCC
MIMAT0015052,hsa-miR-3175,CGGGGAGAGAACGCAGUGACGU
MIMAT0015053,hsa-miR-3176,ACUGGCCUGGGACUACCGG
MIMAT0015055,hsa-miR-3178,GGGGCGCGGCCGGAUCG
MIMAT0015056,hsa-miR-3179,AGAAGGGGUGAAAUUUAAACGU
MIMAT0015060,hsa-miR-548w,AAAAGUAACUGCGGUUUUUGCCU
MIMAT0015061,hsa-miR-3181,AUCGGGCCCUCGGCGCCGG
MIMAT0015062,hsa-miR-3182,GCUUCUGUAGUGUAGUC
MIMAT0015063,hsa-miR-3183,GCCUCUCUCGGAGUCGCUCGGA
MIMAT0015065,hsa-miR-3185,AGAAGAAGGCGGUCGGUCUGCGG
MIMAT0015070,hsa-miR-3188,AGAGGCUUUGUGCGGAUACGGGG
MIMAT0015072,hsa-miR-320e,AAAGCUGGGUUGAGAAGG
MIMAT0015077,hsa-miR-3193,UCCUGCGUAGGAUCUGAGGAGU
MIMAT0015079,hsa-miR-3195,CGCGCCGGGCCCGGGUU
MIMAT0015080,hsa-miR-3196,CGGGGCGGCAGGGGCCUC
MIMAT0015082,hsa-miR-3197,GGAGGCGCAGGCUCGGAAAGGCG
MIMAT0015083,hsa-miR-3198,GUGGAGUCCUGGGGAAUGGAGA
MIMAT0015084,hsa-miR-3199,AGGGACUGCCUUAGGAGAAAGUU
MIMAT0015086,hsa-miR-3201,GGGAUAUGAAGAAAAAU
MIMAT0015089,hsa-miR-3202,UGGAAGGGAGAAGAGCUUUAAU
MIMAT0016844,hsa-miR-4295,CAGUGCAAUGUUUUCCUU
MIMAT0016845,hsa-miR-4296,AUGUGGGCUCAGGCUCA
MIMAT0016846,hsa-miR-4297,UGCCUUCCUGUCUGUG
MIMAT0016847,hsa-miR-378c,ACUGGACUUGGAGUCAGAAGAGUGG
MIMAT0016848,hsa-miR-4293,CAGCCUGACAGGAACAG
MIMAT0016849,hsa-miR-4294,GGGAGUCUACAGCAGGG
MIMAT0016850,hsa-miR-4301,UCCCACUACUUCACUUGUGA
MIMAT0016851,hsa-miR-4299,GCUGGUGACAUGAGAGGC
MIMAT0016852,hsa-miR-4298,CUGGGACAGGAGGAGGAGGCAG
MIMAT0016853,hsa-miR-4300,UGGGAGCUGGACUACUUC
MIMAT0016854,hsa-miR-4304,CCGGCAUGUCCAGGGCA
MIMAT0016855,hsa-miR-4302,CCAGUGUGGCUCAGCGAG
MIMAT0016856,hsa-miR-4303,UUCUGAGCUGAGGACAG
MIMAT0016857,hsa-miR-4305,CCUAGACACCUCCAGUUC
MIMAT0016858,hsa-miR-4306,UGGAGAGAAAGGCAGUA
MIMAT0016859,hsa-miR-4309,CUGGAGUCUAGGAUUCCA
MIMAT0016860,hsa-miR-4307,AAUGUUUUUUCCUGUUUCC
MIMAT0016861,hsa-miR-4308,UCCCUGGAGUUUCUUCUU
MIMAT0016862,hsa-miR-4310,GCAGCAUUCAUGUCCC
MIMAT0016863,hsa-miR-4311,GAAAGAGAGCUGAGUGUG
MIMAT0016864,hsa-miR-4312,GGCCUUGUUCCUGUCCCCA
MIMAT0016865,hsa-miR-4313,AGCCCCCUGGCCCCAAACCC
MIMAT0016866,hsa-miR-4315,CCGCUUUCUGAGCUGGAC
MIMAT0016867,hsa-miR-4316,GGUGAGGCUAGCUGGUG
MIMAT0016868,hsa-miR-4314,CUCUGGGAAAUGGGACAG
MIMAT0016869,hsa-miR-4318,CACUGUGGGUACAUGCU
MIMAT0016870,hsa-miR-4319,UCCCUGAGCAAAGCCAC
MIMAT0016871,hsa-miR-4320,GGGAUUCUGUAGCUUCCU
MIMAT0016872,hsa-miR-4317,ACAUUGCCAGGGAGUUU
MIMAT0016873,hsa-miR-4322,CUGUGGGCUCAGCGCGUGGGG
MIMAT0016874,hsa-miR-4321,UUAGCGGUGGACCGCCCUGCG
MIMAT0016875,hsa-miR-4323,CAGCCCCACAGCCUCAGA
MIMAT0016876,hsa-miR-4324,CCCUGAGACCCUAACCUUAA
MIMAT0016877,hsa-miR-4256,AUCUGACCUGAUGAAGGU
MIMAT0016878,hsa-miR-4257,CCAGAGGUGGGGACUGAG
MIMAT0016879,hsa-miR-4258,CCCCGCCACCGCCUUGG
MIMAT0016880,hsa-miR-4259,CAGUUGGGUCUAGGGGUCAGGA
MIMAT0016881,hsa-miR-4260,CUUGGGGCAUGGAGUCCCA
MIMAT0016882,hsa-miR-4253,AGGGCAUGUCCAGGGGGU
MIMAT0016883,hsa-miR-4251,CCUGAGAAAAGGGCCAA
MIMAT0016884,hsa-miR-4254,GCCUGGAGCUACUCCACCAUCUC
MIMAT0016885,hsa-miR-4255,CAGUGUUCAGAGAUGGA
MIMAT0016886,hsa-miR-4252,GGCCACUGAGUCAGCACCA
MIMAT0016887,hsa-miR-4325,UUGCACUUGUCUCAGUGA
MIMAT0016888,hsa-miR-4326,UGUUCCUCUGUCUCCCAGAC
MIMAT0016889,hsa-miR-4327,GGCUUGCAUGGGGGACUGG
MIMAT0016890,hsa-miR-4261,AGGAAACAGGGACCCA
MIMAT0016891,hsa-miR-4265,CUGUGGGCUCAGCUCUGGG
MIMAT0016892,hsa-miR-4266,CUAGGAGGCCUUGGCC
MIMAT0016893,hsa-miR-4267,UCCAGCUCGGUGGCAC
MIMAT0016894,hsa-miR-4262,GACAUUCAGACUACCUG
MIMAT0016896,hsa-miR-4268,GGCUCCUCCUCUCAGGAUGUG
MIMAT0016897,hsa-miR-4269,GCAGGCACAGACAGCCCUGGC
MIMAT0016898,hsa-miR-4263,AUUCUAAGUGCCUUGGCC
MIMAT0016899,hsa-miR-4264,ACUCAGUCAUGGUCAUU
MIMAT0016900,hsa-miR-4270,UCAGGGAGUCAGGGGAGGGC
MIMAT0016901,hsa-miR-4271,GGGGGAAGAAAAGGUGGGG
MIMAT0016902,hsa-miR-4272,CAUUCAACUAGUGAUUGU
MIMAT0016903,hsa-miR-4273,GUGUUCUCUGAUGGACAG
MIMAT0016904,hsa-miR-4276,CUCAGUGACUCAUGUGC
MIMAT0016905,hsa-miR-4275,CCAAUUACCACUUCUUU
MIMAT0016906,hsa-miR-4274,CAGCAGUCCCUCCCCCUG
MIMAT0016907,hsa-miR-4281,GGGUCCCGGGGAGGGGGG
MIMAT0016908,hsa-miR-4277,GCAGUUCUGAGCACAGUACAC
MIMAT0016909,hsa-miR-4279,CUCUCCUCCCGGCUUC
MIMAT0016910,hsa-miR-4278,CUAGGGGGUUUGCCCUUG
MIMAT0016911,hsa-miR-4280,GAGUGUAGUUCUGAGCAGAGC
MIMAT0016912,hsa-miR-4282,UAAAAUUUGCAUCCAGGA
MIMAT0016913,hsa-miR-4285,GCGGCGAGUCCGACUCAU
MIMAT0016914,hsa-miR-4283,UGGGGCUCAGCGAGUUU
MIMAT0016915,hsa-miR-4284,GGGCUCACAUCACCCCAU
MIMAT0016916,hsa-miR-4286,ACCCCACUCCUGGUACC
MIMAT0016917,hsa-miR-4287,UCUCCCUUGAGGGCACUUU
MIMAT0016918,hsa-miR-4288,UUGUCUGCUGAGUUUCC
MIMAT0016919,hsa-miR-4292,CCCCUGGGCCGGCCUUGG
MIMAT0016920,hsa-miR-4289,GCAUUGUGCAGGGCUAUCA
MIMAT0016921,hsa-miR-4290,UGCCCUCCUUUCUUCCCUC
MIMAT0016922,hsa-miR-4291,UUCAGCAGGAACAGCU
MIMAT0016923,hsa-miR-4329,CCUGAGACCCUAGUUCCAC
MIMAT0016924,hsa-miR-4330,CCUCAGAUCAGAGCCUUGC
MIMAT0016926,hsa-miR-4328,CCAGUUUUCCCAGGAUU
MIMAT0017986,hsa-miR-3609,CAAAGUGAUGAGUAAUACUGGCUG
MIMAT0017987,hsa-miR-3610,GAAUCGGAAAGGAGGCGCCG
MIMAT0017988,hsa-miR-3611,UUGUGAAGAAAGAAAUUCUUA
MIMAT0017989,hsa-miR-3612,AGGAGGCAUCUUGAGAAAUGGA
MIMAT0017994,hsa-miR-3615,UCUCUCGGCUCCUCGCGGCUC
MIMAT0017998,hsa-miR-3618,UGUCUACAUUAAUGAAAAGAGC
MIMAT0018000,hsa-miR-23c,AUCACAUUGCCAGUGAUUACCC
MIMAT0018002,hsa-miR-3621,CGCGGGUCGGGGUCUGCAGG
MIMAT0018065,hsa-miR-3646,AAAAUGAAAUGAGCCCAGCCCA
MIMAT0018068,hsa-miR-3648,AGCCGCGGGGAUCGCCGAGGG
MIMAT0018069,hsa-miR-3649,AGGGACCUGAGUGUCUAAG
MIMAT0018070,hsa-miR-3650,AGGUGUGUCUGUAGAGUCC
MIMAT0018071,hsa-miR-3651,CAUAGCCCGGUCGCUGGUACAUGA
MIMAT0018072,hsa-miR-3652,CGGCUGGAGGUGUGAGGA
MIMAT0018074,hsa-miR-3654,GACUGGACAAGCUGAGGAA
MIMAT0018075,hsa-miR-3655,GCUUGUCGCUGCGGUGUUGCU
MIMAT0018077,hsa-miR-3657,UGUGUCCCAUUAUUGGUGAUU
MIMAT0018078,hsa-miR-3658,UUUAAGAAAACACCAUGGAGAU
MIMAT0018080,hsa-miR-3659,UGAGUGUUGUCUACGAGGGCA
MIMAT0018081,hsa-miR-3660,ACUGACAGGAGAGCAUUUUGA
MIMAT0018082,hsa-miR-3661,UGACCUGGGACUCGGACAGCUG
MIMAT0018083,hsa-miR-3662,GAAAAUGAUGAGUAGUGACUGAUG
MIMAT0018087,hsa-miR-3665,AGCAGGUGCGGGGCGGCG
MIMAT0018088,hsa-miR-3666,CAGUGCAAGUGUAGAUGCCGA
MIMAT0018091,hsa-miR-3668,AAUGUAGAGAUUGAUCAAAAU
MIMAT0018093,hsa-miR-3670,AGAGCUCACAGCUGUCCUUCUCUA
MIMAT0018094,hsa-miR-3671,AUCAAAUAAGGACUAGUCUGCA
MIMAT0018095,hsa-miR-3672,AUGAGACUCAUGUAAAACAUCUU
MIMAT0018097,hsa-miR-3674,AUUGUAGAACCUAAGAUUGGCC
MIMAT0018111,hsa-miR-3683,UGCGACAUUGGAAGUAGUAUCA
MIMAT0018112,hsa-miR-3684,UUAGACCUAGUACACGUCCUU
MIMAT0018113,hsa-miR-3685,UUUCCUACCCUACCUGAAGACU
MIMAT0018114,hsa-miR-3686,AUCUGUAAGAGAAAGUAAAUGA
MIMAT0018119,hsa-miR-3690,ACCUGGACCCAGCGUAGACAAAG
MIMAT0018164,hsa-miR-3713,GGUAUCCGUUUGGGGAUGGU
MIMAT0018165,hsa-miR-3714,GAAGGCAGCAGUGCUCCCCUGU
MIMAT0018178,hsa-miR-3180,UGGGGCGGAGCUUCCGGAG
MIMAT0018179,hsa-miR-3907,AGGUGCUCCAGGCUGGCUCACA
MIMAT0018182,hsa-miR-3908,GAGCAAUGUAGGUAGACUGUUU
MIMAT0018183,hsa-miR-3909,UGUCCUCUAGGGCCUGCAGUCU
MIMAT0018184,hsa-miR-3910,AAAGGCAUAAAACCAAGACA
MIMAT0018185,hsa-miR-3911,UGUGUGGAUCCUGGAGGAGGCA
MIMAT0018188,hsa-miR-3914,AAGGAACCAGAAAAUGAGAAGU
MIMAT0018189,hsa-miR-3915,UUGAGGAAAAGAUGGUCUUAUU
MIMAT0018190,hsa-miR-3916,AAGAGGAAGAAAUGGCUGGUUCUCAG
MIMAT0018191,hsa-miR-3917,GCUCGGACUGAGCAGGUGGG
MIMAT0018192,hsa-miR-3918,ACAGGGCCGCAGAUGGAGACU
MIMAT0018193,hsa-miR-3919,GCAGAGAACAAAGGACUCAGU
MIMAT0018195,hsa-miR-3920,ACUGAUUAUCUUAACUCUCUGA
MIMAT0018196,hsa-miR-3921,UCUCUGAGUACCAUAUGCCUUGU
MIMAT0018198,hsa-miR-3923,AACUAGUAAUGUUGGAUUAGGG
MIMAT0018199,hsa-miR-3924,AUAUGUAUAUGUGACUGCUACU
MIMAT0018201,hsa-miR-3926,UGGCCAAAAAGCAGGCAGAGA
MIMAT0018206,hsa-miR-3929,GAGGCUGAUGUGAGUAGACCACU
MIMAT0018350,hsa-miR-3935,UGUAGAUACGAGCACCAGCCAC
MIMAT0018351,hsa-miR-3936,UAAGGGGUGUAUGGCAGAUGCA
MIMAT0018352,hsa-miR-3937,ACAGGCGGCUGUAGCAAUGGGGG
MIMAT0018353,hsa-miR-3938,AAUUCCCUUGUAGAUAACCCGG
MIMAT0018354,hsa-miR-548y,AAAAGUAAUCACUGUUUUUGCC
MIMAT0018355,hsa-miR-3939,UACGCGCAGACCACAGGAUGUC
MIMAT0018357,hsa-miR-3941,UUACACACAACUGAGGAUCAUA
MIMAT0018359,hsa-miR-3943,UAGCCCCCAGGCUUCACUUGGCG
MIMAT0018361,hsa-miR-3945,AGGGCAUAGGAGAGGGUUGAUAU
MIMAT0018446,hsa-miR-548z,CAAAAACCGCAAUUACUUUUGCA
MIMAT0018447,hsa-miR-548aa,AAAAACCACAAUUACUUUUGCACCA
MIMAT0018925,hsa-miR-1268b,CGGGCGUGGUGGUGGGGGUG
MIMAT0018927,hsa-miR-378e,ACUGGACUUGGAGUCAGGA
MIMAT0018928,hsa-miR-548ab,AAAAGUAAUUGUGGAUUUUGCU
MIMAT0018930,hsa-miR-4418,CACUGCAGGACUCAGCAG
MIMAT0018932,hsa-miR-378f,ACUGGACUUGGAGCCAGAAG
MIMAT0018933,hsa-miR-4420,GUCACUGAUGUCUGUAGCUGAG
MIMAT0018934,hsa-miR-4421,ACCUGUCUGUGGAAAGGAGCUA
MIMAT0018935,hsa-miR-4422,AAAAGCAUCAGGAAGUACCCA
MIMAT0018937,hsa-miR-378g,ACUGGGCUUGGAGUCAGAAG
MIMAT0018938,hsa-miR-548ac,CAAAAACCGGCAAUUACUUUUG
MIMAT0018939,hsa-miR-4424,AGAGUUAACUCAAAAUGGACUA
MIMAT0018940,hsa-miR-4425,UGUUGGGAUUCAGCAGGACCAU
MIMAT0018941,hsa-miR-4426,GAAGAUGGACGUACUUU
MIMAT0018942,hsa-miR-4427,UCUGAAUAGAGUCUGAAGAGU
MIMAT0018943,hsa-miR-4428,CAAGGAGACGGGAACAUGGAGC
MIMAT0018944,hsa-miR-4429,AAAAGCUGGGCUGAGAGGCG
MIMAT0018945,hsa-miR-4430,AGGCUGGAGUGAGCGGAG
MIMAT0018947,hsa-miR-4431,GCGACUCUGAAAACUAGAAGGU
MIMAT0018948,hsa-miR-4432,AAAGACUCUGCAAGAUGCCU
MIMAT0018950,hsa-miR-4434,AGGAGAAGUAAAGUAGAA
MIMAT0018951,hsa-miR-4435,AUGGCCAGAGCUCACACAGAGG
MIMAT0018952,hsa-miR-4436a,GCAGGACAGGCAGAAGUGGAU
MIMAT0018953,hsa-miR-4437,UGGGCUCAGGGUACAAAGGUU
MIMAT0018956,hsa-miR-4438,CACAGGCUUAGAAAAGACAGU
MIMAT0018957,hsa-miR-4439,GUGACUGAUACCUUGGAGGCAU
MIMAT0018958,hsa-miR-4440,UGUCGUGGGGCUUGCUGGCUUG
MIMAT0018959,hsa-miR-4441,ACAGGGAGGAGAUUGUA
MIMAT0018960,hsa-miR-4442,GCCGGACAAGAGGGAGG
MIMAT0018961,hsa-miR-4443,UUGGAGGCGUGGGUUUU
MIMAT0018962,hsa-miR-4444,CUCGAGUUGGAAGAGGCG
MIMAT0018966,hsa-miR-4447,GGUGGGGGCUGUUGUUU
MIMAT0018967,hsa-miR-4448,GGCUCCUUGGUCUAGGGGUA
MIMAT0018968,hsa-miR-4449,CGUCCCGGGGCUGCGCGAGGCA
MIMAT0018969,hsa-miR-548ag,AAAGGUAAUUGUGGUUUCUGC
MIMAT0018971,hsa-miR-4450,UGGGGAUUUGGAGAAGUGGUGA
MIMAT0018973,hsa-miR-4451,UGGUAGAGCUGAGGACA
MIMAT0018974,hsa-miR-4452,UUGAAUUCUUGGCCUUAAGUGAU
MIMAT0018975,hsa-miR-4453,GAGCUUGGUCUGUAGCGGUU
MIMAT0018976,hsa-miR-4454,GGAUCCGAGUCACGGCACCA
MIMAT0018977,hsa-miR-4455,AGGGUGUGUGUGUUUUU
MIMAT0018978,hsa-miR-4456,CCUGGUGGCUUCCUUUU
MIMAT0018979,hsa-miR-4457,UCACAAGGUAUUGACUGGCGUA
MIMAT0018980,hsa-miR-4458,AGAGGUAGGUGUGGAAGAA
MIMAT0018982,hsa-miR-4460,AUAGUGGUUGUGAAUUUACCUU
MIMAT0018984,hsa-miR-378h,ACUGGACUUGGUGUCAGAUGG
MIMAT0018985,hsa-miR-3135b,GGCUGGAGCGAGUGCAGUGGUG
MIMAT0018986,hsa-miR-4462,UGACACGGAGGGUGGCUUGGGAA
MIMAT0018987,hsa-miR-4463,GAGACUGGGGUGGGGCC
MIMAT0018988,hsa-miR-4464,AAGGUUUGGAUAGAUGCAAUA
MIMAT0018989,hsa-miR-548ai,AAAGGUAAUUGCAGUUUUUCCC
MIMAT0018992,hsa-miR-4465,CUCAAGUAGUCUGACCAGGGGA
MIMAT0018993,hsa-miR-4466,GGGUGCGGGCCGGCGGGG
MIMAT0018994,hsa-miR-4467,UGGCGGCGGUAGUUAUGGGCUU
MIMAT0018995,hsa-miR-4468,AGAGCAGAAGGAUGAGAU
MIMAT0018996,hsa-miR-4469,GCUCCCUCUAGGGUCGCUCGGA
MIMAT0018997,hsa-miR-4470,UGGCAAACGUGGAAGCCGAGA
MIMAT0018998,hsa-miR-4471,UGGGAACUUAGUAGAGGUUUAA
MIMAT0018999,hsa-miR-4472,GGUGGGGGGUGUUGUUUU
MIMAT0019000,hsa-miR-4473,CUAGUGCUCUCCGUUACAAGUA
MIMAT0019002,hsa-miR-4475,CAAGGGACCAAGCAUUCAUUAU
MIMAT0019003,hsa-miR-4476,CAGGAAGGAUUUAGGGACAGGC
MIMAT0019004,hsa-miR-4477a,CUAUUAAGGACAUUUGUGAUUC
MIMAT0019005,hsa-miR-4477b,AUUAAGGACAUUUGUGAUUGAU
MIMAT0019006,hsa-miR-4478,GAGGCUGAGCUGAGGAG
MIMAT0019007,hsa-miR-3689c,CUGGGAGGUGUGAUAUUGUGGU
MIMAT0019008,hsa-miR-3689d,GGGAGGUGUGAUCUCACACUCG
MIMAT0019009,hsa-miR-3689e,UGUGAUAUCAUGGUUCCUGGGA
MIMAT0019010,hsa-miR-3689f,UGUGAUAUCGUGCUUCCUGGGA
MIMAT0019011,hsa-miR-4479,CGCGCGGCCGUGCUCGGAGCAG
MIMAT0019012,hsa-miR-3155b,CCAGGCUCUGCAGUGGGA
MIMAT0019013,hsa-miR-548ak,AAAAGUAACUGCGGUUUUUGA
MIMAT0019014,hsa-miR-4480,AGCCAAGUGGAAGUUACUUUA
MIMAT0019015,hsa-miR-4481,GGAGUGGGCUGGUGGUU
MIMAT0019017,hsa-miR-4483,GGGGUGGUCUGUUGUUG
MIMAT0019018,hsa-miR-4484,AAAAGGCGGGAGAAGCCCCA
MIMAT0019020,hsa-miR-4486,GCUGGGCGAGGCUGGCA
MIMAT0019021,hsa-miR-4487,AGAGCUGGCUGAAGGGCAG
MIMAT0019022,hsa-miR-4488,AGGGGGCGGGCUCCGGCG
MIMAT0019023,hsa-miR-4489,UGGGGCUAGUGAUGCAGGACG
MIMAT0019024,hsa-miR-548al,AACGGCAAUGACUUUUGUACCA
MIMAT0019025,hsa-miR-4490,UCUGGUAAGAGAUUUGGGCAUA
MIMAT0019026,hsa-miR-4491,AAUGUGGACUGGUGUGACCAAA
MIMAT0019027,hsa-miR-4492,GGGGCUGGGCGCGCGCC
MIMAT0019028,hsa-miR-4493,AGAAGGCCUUUCCAUCUCUGU
MIMAT0019029,hsa-miR-4494,CCAGACUGUGGCUGACCAGAGG
MIMAT0019030,hsa-miR-4495,AAUGUAAACAGGCUUUUUGCU
MIMAT0019031,hsa-miR-4496,GAGGAAACUGAAGCUGAGAGGG
MIMAT0019032,hsa-miR-4497,CUCCGGGACGGCUGGGC
MIMAT0019033,hsa-miR-4498,UGGGCUGGCAGGGCAAGUGCUG
MIMAT0019035,hsa-miR-4499,AAGACUGAGAGGAGGGA
MIMAT0019036,hsa-miR-4500,UGAGGUAGUAGUUUCUU
MIMAT0019037,hsa-miR-4501,UAUGUGACCUCGGAUGAAUCA
MIMAT0019038,hsa-miR-4502,GCUGAUGAUGAUGGUGCUGAAG
MIMAT0019039,hsa-miR-4503,UUUAAGCAGGAAAUAGAAUUUA
MIMAT0019040,hsa-miR-4504,UGUGACAAUAGAGAUGAACAUG
MIMAT0019041,hsa-miR-4505,AGGCUGGGCUGGGACGGA
MIMAT0019042,hsa-miR-4506,AAAUGGGUGGUCUGAGGCAA
MIMAT0019043,hsa-miR-2392,UAGGAUGGGGGUGAGAGGUG
MIMAT0019044,hsa-miR-4507,CUGGGUUGGGCUGGGCUGGG
MIMAT0019045,hsa-miR-4508,GCGGGGCUGGGCGCGCG
MIMAT0019046,hsa-miR-4509,ACUAAAGGAUAUAGAAGGUUUU
MIMAT0019047,hsa-miR-4510,UGAGGGAGUAGGAUGUAUGGUU
MIMAT0019048,hsa-miR-4511,GAAGAACUGUUGCAUUUGCCCU
MIMAT0019049,hsa-miR-4512,CAGGGCCUCACUGUAUCGCCCA
MIMAT0019050,hsa-miR-4513,AGACUGACGGCUGGAGGCCCAU
MIMAT0019051,hsa-miR-4514,ACAGGCAGGAUUGGGGAA
MIMAT0019052,hsa-miR-4515,AGGACUGGACUCCCGGCAGCCC
MIMAT0019053,hsa-miR-4516,GGGAGAAGGGUCGGGGC
MIMAT0019054,hsa-miR-4517,AAAUAUGAUGAAACUCACAGCUGAG
MIMAT0019055,hsa-miR-4518,GCUCAGGGAUGAUAACUGUGCUGAGA
MIMAT0019056,hsa-miR-4519,CAGCAGUGCGCAGGGCUG
MIMAT0019058,hsa-miR-4521,GCUAAGGAAGUCCUGUGCUCAG
MIMAT0019059,hsa-miR-1269b,CUGGACUGAGCCAUGCUACUGG
MIMAT0019060,hsa-miR-4522,UGACUCUGCCUGUAGGCCGGU
MIMAT0019061,hsa-miR-4523,GACCGAGAGGGCCUCGGCUGU
MIMAT0019064,hsa-miR-4525,GGGGGGAUGUGCAUGCUGGUU
MIMAT0019065,hsa-miR-4526,GCUGACAGCAGGGCUGGCCGCU
MIMAT0019066,hsa-miR-4527,UGGUCUGCAAAGAGAUGACUGU
MIMAT0019067,hsa-miR-4528,UCAUUAUAUGUAUGAUCUGGAC
MIMAT0019069,hsa-miR-4530,CCCAGCAGGACGGGAGCG
MIMAT0019070,hsa-miR-4531,AUGGAGAAGGCUUCUGA
MIMAT0019072,hsa-miR-4533,UGGAAGGAGGUUGCCGGACGCU
MIMAT0019073,hsa-miR-4534,GGAUGGAGGAGGGGUCU
MIMAT0019074,hsa-miR-378i,ACUGGACUAGGAGUCAGAAGG
MIMAT0019075,hsa-miR-4535,GUGGACCUGGCUGGGAC
MIMAT0019077,hsa-miR-1587,UUGGGCUGGGCUGGGUUGGG
MIMAT0019079,hsa-miR-548an,AAAAGGCAUUGUGGUUUUUG
MIMAT0019080,hsa-miR-4537,UGAGCCGAGCUGAGCUUAGCUG
MIMAT0019081,hsa-miR-4538,GAGCUUGGAUGAGCUGGGCUGA
MIMAT0019082,hsa-miR-4539,GCUGAACUGGGCUGAGCUGGGC
MIMAT0019083,hsa-miR-4540,UUAGUCCUGCCUGUAGGUUUA
MIMAT0019337,hsa-miR-3960,GGCGGCGGCGGAGGCGGGGG
MIMAT0019357,hsa-miR-3972,CUGCCAGCCCCGUUCCAGGGCA
MIMAT0019358,hsa-miR-3973,ACAAAGUACAGCAUUAGCCUUAG
MIMAT0019359,hsa-miR-3974,AAAGGUCAUUGUAAGGUUAAUGC
MIMAT0019360,hsa-miR-3975,UGAGGCUAAUGCACUACUUCAC
MIMAT0019361,hsa-miR-3976,UAUAGAGAGCAGGAAGAUUAAUGU
MIMAT0019362,hsa-miR-3977,GUGCUUCAUCGUAAUUAACCUUA
MIMAT0019363,hsa-miR-3978,GUGGAAAGCAUGCAUCCAGGGUGU
MIMAT0019691,hsa-miR-4634,CGGCGCGACCGGCCCGGGG
MIMAT0019692,hsa-miR-4635,UCUUGAAGUCAGAACCCGCAA
MIMAT0019693,hsa-miR-4636,AACUCGUGUUCAAAGCCUUUAG
MIMAT0019694,hsa-miR-4637,UACUAACUGCAGAUUCAAGUGA
MIMAT0019701,hsa-miR-4641,UGCCCAUGCCAUACUUUUGCCUCA
MIMAT0019702,hsa-miR-4642,AUGGCAUCGUCCCCUGGUGGCU
MIMAT0019703,hsa-miR-4643,GACACAUGACCAUAAAUGCUAA
MIMAT0019704,hsa-miR-4644,UGGAGAGAGAAAAGAGACAGAAG
MIMAT0019709,hsa-miR-4647,GAAGAUGGUGCUGUGCUGAGGAA
MIMAT0019710,hsa-miR-4648,UGUGGGACUGCAAAUGGGAG
MIMAT0019715,hsa-miR-4651,CGGGGUGGGUGAGGUCGGGC
MIMAT0019720,hsa-miR-4654,UGUGGGAUCUGGAGGCAUCUGG
MIMAT0019723,hsa-miR-4656,UGGGCUGAGGGCAGGAGGCCUGU
MIMAT0019724,hsa-miR-4657,AAUGUGGAAGUGGUCUGAGGCAU
MIMAT0019725,hsa-miR-4658,GUGAGUGUGGAUCCUGGAGGAAU
MIMAT0019728,hsa-miR-4660,UGCAGCUCUGGUGGAAAAUGGAG
MIMAT0019735,hsa-miR-4663,AGCUGAGCUCCAUGGACGUGCAGU
MIMAT0019736,hsa-miR-4662b,AAAGAUGGACAAUUGGCUAAAU
MIMAT0019749,hsa-miR-4669,UGUGUCCGGGAAGUGGAGGAGG
MIMAT0019754,hsa-miR-4672,UUACACAGCUGGACAGAGGCA
MIMAT0019755,hsa-miR-4673,UCCAGGCAGGAGCCGGACUGGA
MIMAT0019756,hsa-miR-4674,CUGGGCUCGGGACGCGCGGCU
MIMAT0019757,hsa-miR-4675,GGGGCUGUGAUUGACCAGCAGG
MIMAT0019762,hsa-miR-4678,AAGGUAUUGUUCAGACUUAUGA
MIMAT0019763,hsa-miR-4679,UCUGUGAUAGAGAUUCUUUGCU
MIMAT0019766,hsa-miR-4681,AACGGGAAUGCAGGCUGUAUCU
MIMAT0019767,hsa-miR-4682,UCUGAGUUCCUGGAGCCUGGUCU
MIMAT0019768,hsa-miR-4683,UGGAGAUCCAGUGCUCGCCCGAU
MIMAT0019773,hsa-miR-4686,UAUCUGCUGGGCUUUCUGGUGUU
MIMAT0019777,hsa-miR-4688,UAGGGGCAGCAGAGGACCUGGG
MIMAT0019778,hsa-miR-4689,UUGAGGAGACAUGGUGGGGGCC
MIMAT0019783,hsa-miR-4692,UCAGGCAGUGUGGGUAUCAGAU
MIMAT0019790,hsa-miR-4696,UGCAAGACGGAUACUGUCAUCU
MIMAT0019793,hsa-miR-4698,UCAAAAUGUAGAGGAAGACCCCA
MIMAT0019805,hsa-miR-4705,UCAAUCACUUGGUAAUUGCUGU
MIMAT0019806,hsa-miR-4706,AGCGGGGAGGAAGUGGGCGCUGCUU
MIMAT0019815,hsa-miR-4710,GGGUGAGGGCAGGUGGUU
MIMAT0019831,hsa-miR-4718,AGCUGUACCUGAAACCAAGCA
MIMAT0019832,hsa-miR-4719,UCACAAAUCUAUAAUAUGCAGG
MIMAT0019835,hsa-miR-4721,UGAGGGCUCCAGGUGACGGUGG
MIMAT0019840,hsa-miR-451b,UAGCAAGAGAACCAUUACCAUU
MIMAT0019851,hsa-miR-4729,UCAUUUAUCUGUUGGGAAGCUA
MIMAT0019852,hsa-miR-4730,CUGGCGGAGCCCAUUCCAUGCCA
MIMAT0019859,hsa-miR-4734,GCUGCGGGCUGCGGUCAGGGCG
MIMAT0019862,hsa-miR-4736,AGGCAGGUUAUCUGGGCUG
MIMAT0019863,hsa-miR-4737,AUGCGAGGAUGCUGACAGUG
MIMAT0019868,hsa-miR-4739,AAGGGAGGAGGAGCGGAGGGGCCCU
MIMAT0019871,hsa-miR-4741,CGGGCUGUCCGGAGGGGUCGGCU
MIMAT0019875,hsa-miR-4744,UCUAAAGACUAGACUUCGCUAUG
MIMAT0019884,hsa-miR-4748,GAGGUUUGGGGAGGAUUUGCU
MIMAT0019888,hsa-miR-4751,AGAGGACCCGUAGCUGCUAGAAGG
MIMAT0019889,hsa-miR-4752,UUGUGGAUCUCAAGGAUGUGCU
MIMAT0019894,hsa-miR-4754,AUGCGGACCUGGGUUAGCGGAGU
MIMAT0019905,hsa-miR-4759,UAGGACUAGAUGUUGGAAUUA
MIMAT0019916,hsa-miR-4765,UGAGUGAUUGAUAGCUAUGUUC
MIMAT0019919,hsa-miR-4767,CGCGGGCGCUCCUGGCCGCCGCC
MIMAT0019924,hsa-miR-4770,UGAGAUGACACUGUAGCU
MIMAT0019925,hsa-miR-4771,AGCAGACUUGACCUACAAUUA
MIMAT0019928,hsa-miR-4773,CAGAACAGGAGCAUAGAAAGGC
MIMAT0019931,hsa-miR-4775,UUAAUUUUUUGUUUCGGUCACU
MIMAT0019938,hsa-miR-4779,UAGGAGGGAAUAGUAAAAGCAG
MIMAT0019939,hsa-miR-4780,ACCCUUGAGCCUGAUCCCUAGC
MIMAT0019948,hsa-miR-4784,UGAGGAGAUGCUGGGACUGA
MIMAT0019949,hsa-miR-4785,AGAGUCGGCGACGCCGCCAGC
MIMAT0019958,hsa-miR-4788,UUACGGACCAGCUAAGGGAGGC
MIMAT0019963,hsa-miR-4791,UGGAUAUGAUGACUGAAA
MIMAT0019967,hsa-miR-4794,UCUGGCUAUCUCACGAGACUGU
MIMAT0019980,hsa-miR-4801,UACACAAGAAAACCAAGGCUCA
MIMAT0019983,hsa-miR-4803,UAACAUAAUAGUGUGGAUUGA
MIMAT0020541,hsa-miR-5047,UUGCAGCUGCGGUUGUAAGGU
MIMAT0021079,hsa-miR-5087,GGGUUUGUAGCUUUGCUGGCAUG
MIMAT0021082,hsa-miR-5090,CCGGGGCAGAUUGGUGUAGGGUG
MIMAT0021083,hsa-miR-5091,ACGGAGACGACAAGACUGUGCUG
MIMAT0021084,hsa-miR-5092,AAUCCACGCUGAGCUUGGCAUC
MIMAT0021085,hsa-miR-5093,AGGAAAUGAGGCUGGCUAGGAGC
MIMAT0021086,hsa-miR-5094,AAUCAGUGAAUGCCUUGAACCU
MIMAT0021116,hsa-miR-5186,AGAGAUUGGUAGAAAUCAGGU
MIMAT0021119,hsa-miR-5188,AAUCGGACCCAUUUAAACCGGAG
MIMAT0021121,hsa-miR-5190,CCAGUGACUGAGCUGGAGCCA
MIMAT0021122,hsa-miR-5191,AGGAUAGGAAGAAUGAAGUGCU
MIMAT0021123,hsa-miR-5192,AGGAGAGUGGAUUCCAGGUGGU
MIMAT0021124,hsa-miR-5193,UCCUCCUCUACCUCAUCCCAGU
MIMAT0021125,hsa-miR-5194,UGAGGGGUUUGGAAUGGGAUGG
MIMAT0022259,hsa-miR-5100,UUCAGAUCCCAGCGGUGCCUCU
MIMAT0022260,hsa-miR-5572,GUUGGGGUGCAGGGGUCUGCU
MIMAT0022468,hsa-miR-5680,GAGAAAUGCUGGACUAAUCUGC
MIMAT0022469,hsa-miR-5681a,AGAAAGGGUGGCAAUACCUCUU
MIMAT0022470,hsa-miR-5682,GUAGCACCUUGCAGGAUAAGGU
MIMAT0022471,hsa-miR-548aw,GUGCAAAAGUCAUCACGGUU
MIMAT0022472,hsa-miR-5683,UACAGAUGCAGAUUCUCUGACUUC
MIMAT0022473,hsa-miR-5684,AACUCUAGCCUGAGCAACAG
MIMAT0022474,hsa-miR-548ax,AGAAGUAAUUGCGGUUUUGCCA
MIMAT0022475,hsa-miR-5685,ACAGCCCAGCAGUUAUCACGGG
MIMAT0022476,hsa-miR-5692c,AAUAAUAUCACAGUAGGUGUAC
MIMAT0022478,hsa-miR-5687,UUAGAACGUUUUAGGGUCAAAU
MIMAT0022479,hsa-miR-5688,UAACAAACACCUGUAAAACAGC
MIMAT0022480,hsa-miR-5681b,AGGUAUUGCCACCCUUUCUAGU
MIMAT0022481,hsa-miR-5689,AGCAUACACCUGUAGUCCUAGA
MIMAT0022482,hsa-miR-5690,UCAGCUACUACCUCUAUUAGG
MIMAT0022483,hsa-miR-5691,UUGCUCUGAGCUCCGAGAAAGC
MIMAT0022484,hsa-miR-5692a,CAAAUAAUACCACAGUGGGUGU
MIMAT0022485,hsa-miR-4666b,UUGCAUGUCAGAUUGUAAUUCCC
MIMAT0022486,hsa-miR-5693,GCAGUGGCUCUGAAAUGAACUC
MIMAT0022487,hsa-miR-5694,CAGAUCAUGGGACUGUCUCAG
MIMAT0022488,hsa-miR-5695,ACUCCAAGAAGAAUCUAGACAG
MIMAT0022489,hsa-miR-5696,CUCAUUUAAGUAGUCUGAUGCC
MIMAT0022490,hsa-miR-5697,UCAAGUAGUUUCAUGAUAAAGG
MIMAT0022491,hsa-miR-5698,UGGGGGAGUGCAGUGAUUGUGG
MIMAT0022493,hsa-miR-5700,UAAUGCAUUAAAUUAUUGAAGG
MIMAT0022494,hsa-miR-5701,UUAUUGUCACGUUCUGAUU
MIMAT0022495,hsa-miR-5702,UGAGUCAGCAACAUAUCCCAUG
MIMAT0022496,hsa-miR-5703,AGGAGAAGUCGGGAAGGU
MIMAT0022497,hsa-miR-5692b,AAUAAUAUCACAGUAGGUGU
MIMAT0022498,hsa-miR-5704,UUAGGCCAUCAUCCCAUUAUGC
MIMAT0022499,hsa-miR-5705,UGUUUCGGGGCUCAUGGCCUGUG
MIMAT0022500,hsa-miR-5706,UUCUGGAUAACAUGCUGAAGCU
MIMAT0022501,hsa-miR-5707,ACGUUUGAAUGCUGUACAAGGC
MIMAT0022502,hsa-miR-5708,AUGAGCGACUGUGCCUGACC
MIMAT0023116,hsa-miR-5739,GCGGAGAGAGAAUGGGGAGC
MIMAT0023252,hsa-miR-5787,GGGCUGGGGCGCGGGGAGGU
MIMAT0023693,hsa-miR-6068,CCUGCGAGUCUCCGGCGGUGG
MIMAT0023694,hsa-miR-6069,GGGCUAGGGCCUGCUGCCCCC
MIMAT0023695,hsa-miR-6070,CCGGUUCCAGUCCCUGGAG
MIMAT0023696,hsa-miR-6071,UUCUGCUGCCGGCCAAGGC
MIMAT0023697,hsa-miR-6072,UCCUCAUCACACUGCACCUUAG
MIMAT0023698,hsa-miR-6073,GGUAGUGAGUUAUCAGCUAC
MIMAT0023699,hsa-miR-6074,GAUAUUCAGAGGCUAGGUGG
MIMAT0023700,hsa-miR-6075,ACGGCCCAGGCGGCAUUGGUG
MIMAT0023701,hsa-miR-6076,AGCAUGACAGAGGAGAGGUGG
MIMAT0023702,hsa-miR-6077,GGGAAGAGCUGUACGGCCUUC
MIMAT0023703,hsa-miR-6078,CCGCCUGAGCUAGCUGUGG
MIMAT0023704,hsa-miR-6079,UUGGAAGCUUGGACCAACUAGCUG
MIMAT0023705,hsa-miR-6080,UCUAGUGCGGGCGUUCCCG
MIMAT0023706,hsa-miR-6081,AGGAGCAGUGCCGGCCAAGGCGCC
MIMAT0023707,hsa-miR-6082,GAAUACGUCUGGUUGAUCC
MIMAT0023708,hsa-miR-6083,CUUAUAUCAGAGGCUGUGGG
MIMAT0023709,hsa-miR-6084,UUCCGCCAGUCGGUGGCCGG
MIMAT0023710,hsa-miR-6085,AAGGGGCUGGGGGAGCACA
MIMAT0023711,hsa-miR-6086,GGAGGUUGGGAAGGGCAGAG
MIMAT0023713,hsa-miR-6088,AGAGAUGAAGCGGGGGGGCG
MIMAT0023714,hsa-miR-6089,GGAGGCCGGGGUGGGGCGGGGCGG
MIMAT0023715,hsa-miR-6090,GGGGAGCGAGGGGCGGGGC
MIMAT0024597,hsa-miR-6124,GGGAAAAGGAAGGGGGAGGA
MIMAT0024598,hsa-miR-6125,GCGGAAGGCGGAGCGGCGGA
MIMAT0024599,hsa-miR-6126,GUGAAGGCCCGGCGGAGA
MIMAT0024610,hsa-miR-6127,UGAGGGAGUGGGUGGGAGG
MIMAT0024611,hsa-miR-6128,ACUGGAAUUGGAGUCAAAA
MIMAT0024612,hsa-miR-378j,ACUGGAUUUGGAGCCAGAA
MIMAT0024613,hsa-miR-6129,UGAGGGAGUUGGGUGUAUA
MIMAT0024614,hsa-miR-6130,UGAGGGAGUGGAUUGUAUG
MIMAT0024615,hsa-miR-6131,GGCUGGUCAGAUGGGAGUG
MIMAT0024616,hsa-miR-6132,AGCAGGGCUGGGGAUUGCA
MIMAT0024617,hsa-miR-6133,UGAGGGAGGAGGUUGGGUA
MIMAT0024618,hsa-miR-6134,UGAGGUGGUAGGAUGUAGA
MIMAT0024782,hsa-miR-6165,CAGCAGGAGGUGAGGGGAG
MIMAT0025841,hsa-miR-6715a-3p,CCAAACCAGUCGUGCCUGUGG
MIMAT0025846,hsa-miR-6717-5p,AGGCGAUGUGGGGAUGUAGAGA
MIMAT0025849,hsa-miR-6718-5p,UAGUGGUCAGAGGGCUUAUGA
MIMAT0025850,hsa-miR-6719-3p,UCUGACAUCAGUGAUUCUCCUG
MIMAT0025852,hsa-miR-6721-5p,UGGGCAGGGGCUUAUUGUAGGAG
MIMAT0025856,hsa-miR-6724-5p,CUGGGCCCGCGGCGGGCGUGGGG
MIMAT0027391,hsa-miR-6745,UGGGUGGAAGAAGGUCUGGUU
MIMAT0027588,hsa-miR-6843-3p,AUGGUCUCCUGUUCUCUGCAG
MIMAT0027589,hsa-miR-6844,UUCUUUGUUUUUAAUUCACAG
MIMAT0027622,hsa-miR-6860,ACUGGGCAGGGCUGUGGUGAGU
MIMAT0027627,hsa-miR-6863,UAGACGUGGUGAAGGAUUGAGUG
MIMAT0028211,hsa-miR-7150,CUGGCAGGGGGAGAGGUA
MIMAT0029310,hsa-miR-7515,AGAAGGGAAGAUGGUGAC
MIMAT0030017,hsa-miR-7702,CUUAGACUGCCAGACUCCCUGA
MIMAT0030018,hsa-miR-7703,UUGCACUCUGGCCUUCUCCCAGG
MIMAT0030019,hsa-miR-7704,CGGGGUCGGCGGCGACGUG
MIMAT0030020,hsa-miR-7705,AAUAGCUCAGAAUGUCAGUUCUG
MIMAT0030021,hsa-miR-7706,UGAAGCGCCUGUGCUCUGCCGAGA
MIMAT0030419,hsa-miR-7844-5p,AAAACUAGGACUGUGUGGUGUA
MIMAT0030420,hsa-miR-7845-5p,AAGGGACAGGGAGGGUCGUGG
MIMAT0030421,hsa-miR-7846-3p,CAGCGGAGCCUGGAGAGAAGG
MIMAT0030422,hsa-miR-7847-3p,CGUGGAGGACGAGGAGGAGGC
MIMAT0030423,hsa-miR-7848-3p,CUACCCUCGGUCUGCUUACCACA
MIMAT0030424,hsa-miR-7849-3p,GACAAUUGUUGAUCUUGGGCCU
MIMAT0030425,hsa-miR-7850-5p,GUUUGGACAUAGUGUGGCUGG
MIMAT0030426,hsa-miR-7851-3p,UACCUGGGAGACUGAGGUUGGA
MIMAT0030427,hsa-miR-7852-3p,UAUGUAGUAGUCAAAGGCAUUU
MIMAT0030428,hsa-miR-7853-5p,UCAAAUGCAGAUCCUGACUUC
MIMAT0030429,hsa-miR-7854-3p,UGAGGUGACCGCAGAUGGGAA
MIMAT0030430,hsa-miR-7855-5p,UUGGUGAGGACCCCAAGCUCGG
MIMAT0030431,hsa-miR-7856-5p,UUUUAAGGACACUGAGGGAUC
MIMAT0031175,hsa-miR-548ba,AAAGGUAACUGUGAUUUUUGCU
MIMAT0031176,hsa-miR-7973,UGUGACCCUAGAAUAAUUAC
MIMAT0031177,hsa-miR-7974,AGGCUGUGAUGCUCUCCUGAGCCC
MIMAT0031178,hsa-miR-7975,AUCCUAGUCACGGCACCA
MIMAT0031179,hsa-miR-7976,UGCCCUGAGACUUUUGCUC
MIMAT0031180,hsa-miR-7977,UUCCCAGCCAACGCACCA
MIMAT0031181,hsa-miR-7978,UCUGGUGUAUAGCGUUGCUCA
MIMAT0030979,hsa-miR-8052,CGGGACUGUAGAGGGCAUGAGC
MIMAT0030980,hsa-miR-8053,UGGCGAUUUUGGAACUCAAUGGCA
MIMAT0030981,hsa-miR-8054,GAAAGUACAGAUCGGAUGGGU
MIMAT0030982,hsa-miR-8055,CUUUGAGCACAUGAGCAGACGGA
MIMAT0030983,hsa-miR-8056,CGUGGAUUGUCUGGAUGCAU
MIMAT0030984,hsa-miR-8057,GUGGCUCUGUAGUAAGAUGGA
MIMAT0030985,hsa-miR-8058,CUGGACUUUGAUCUUGCCAUAA
MIMAT0030986,hsa-miR-8059,GGGGAACUGUAGAUGAAAAGGC
MIMAT0030987,hsa-miR-8060,CCAUGAAGCAGUGGGUAGGAGGAC
MIMAT0030988,hsa-miR-8061,CUUAGAUUAGAGGAUAUUGUU
MIMAT0030989,hsa-miR-8062,CAGUGAUUUGAGGAUUAUUGC
MIMAT0030990,hsa-miR-8063,UCAAAAUCAGGAGUCGGGGCUU
MIMAT0030991,hsa-miR-8064,AGCACACUGAGCGAGCGGAC
MIMAT0030992,hsa-miR-8065,UGUAGGAACAGUUGAAUUUUGGCU
MIMAT0030993,hsa-miR-8066,CAAUGUGAUCUUUUGGAUGUA
MIMAT0030994,hsa-miR-8067,CCUAGAAACUGUAAACUUAGUC
MIMAT0030995,hsa-miR-8068,UGUUUGUUGUAAGGAUCGUUGU
MIMAT0030996,hsa-miR-8069,GGAUGGUUGGGGGCGGUCGGCGU
MIMAT0030997,hsa-miR-8070,AUGUGAUUGACGGCUGACUCCA
MIMAT0030998,hsa-miR-8071,CGGUGGACUGGAGUGGGUGG
MIMAT0030999,hsa-miR-8072,GGCGGCGGGGAGGUAGGCAG
MIMAT0031000,hsa-miR-8073,ACCUGGCAGCAGGGAGCGUCGU
MIMAT0031001,hsa-miR-8074,CUAUGGCGAGACUGGCAUGUACUC
MIMAT0031002,hsa-miR-8075,UGCUGAUGGCAGAUGUCGGGUCUG
MIMAT0031003,hsa-miR-8076,UAUAUGGACUUUUCUGAUACAAUG
MIMAT0031004,hsa-miR-8077,GGCUGAGUGGGGUUCUGACUCC
MIMAT0031005,hsa-miR-8078,GGUCUAGGCCCGGUGAGAGACUC
MIMAT0031006,hsa-miR-8079,CAGUGAUCGUCUCUGCUGGC
MIMAT0031007,hsa-miR-8080,GAAGGACACUGGUGUCAACGGCU
MIMAT0031008,hsa-miR-8081,CUUGAGUCGUGCCUUUCUGAAUG
MIMAT0031009,hsa-miR-8082,UGAUGGAGCUGGGAAUACUCUG
MIMAT0031010,hsa-miR-8083,CAGGACUUGACGGCUGCAACU
MIMAT0031011,hsa-miR-8084,GAAUACUAAGUAAAAAAUCAGUA
MIMAT0031012,hsa-miR-8085,UGGGAGAGAGGACUGUGAGGC
MIMAT0031013,hsa-miR-8086,UGCUAGUCUGGACUGAUAUGGU
MIMAT0031014,hsa-miR-8087,GAAGACUUCUUGGAUUACAGGGG
MIMAT0031015,hsa-miR-8088,CCUCGGUACUGGAAAGGGGUA
MIMAT0031016,hsa-miR-8089,CCUGGGGACAGGGGAUUGGGGCAG
MIMAT0033692,hsa-miR-8485,CACACACACACACACACGUAU
MIMAT0035542,hsa-miR-9500,AAGGGAAGAUGGUGACCAC
MIMAT0039310,hsa-miR-9718,UUGCUGACCUGGGUGGUGGU
MIMAT0039318,hsa-miR-9898,UACUUACCUGUCCCCUACCCCA
MIMAT0039319,hsa-miR-9899,CGGGCGCCGCGCUCCCGCCCGC
MIMAT0039320,hsa-miR-9900,ACAGGUCCUAAGAGACUGCAU
MIMAT0039321,hsa-miR-9901,CGGUCGCCGCGGUUCGCCGCC
MIMAT0039322,hsa-miR-9902,CCCAGAAAUCUGGUAUGCCAGC
MIMAT0039323,hsa-miR-9903,UUAUCCUCCAGUAGACUAGGGA
MIMAT0039763,hsa-miR-9985,UUCACAGUGGCUAAGCUAU
MIMAT0039764,hsa-miR-1843,UAUGGAGGUCUCUGUCUGGC
MIMAT0039765,hsa-miR-548bc,AAAAACUGUGAUUACUUUUGC
MIMAT0039766,hsa-miR-9986,UGUGAGGUUGUCAUGCCUGC
MIMAT0041128,hsa-miR-10226,CCAUGUGUCUGGGCUGGGAAAC
MIMAT0041991,hsa-miR-10522-5p,AGAAGAAUUGGCCUACUCAGG
MIMAT0041992,hsa-miR-10523-5p,GACAAUGAUGAGAAGACCUGAGGA
MIMAT0041993,hsa-miR-9983-3p,UUUUUUGCUGGAACAUUUCUGG
MIMAT0041994,hsa-miR-10524-5p,CAGGAUGCCAGCAUAGU
MIMAT0041995,hsa-miR-10525-3p,UGACUAUGAUGUGCACCUGAU
MIMAT0041996,hsa-miR-10526-3p,AAAAGGGGGCUGAGGUGGAG
MIMAT0041997,hsa-miR-10527-5p,AAAGCAAAUGUUGGGUGAACGGC
MIMAT0044656,hsa-miR-11399,UUCAGGUCUGGGGCUGAAACCU
MIMAT0044657,hsa-miR-11400,UCGGCUGUGUAUCUCUGUGUC
MIMAT0044658,hsa-miR-11401,UCACGUCUGCGGCUGUCACG
MIMAT0049007,hsa-miR-12113,UCUGAACUCUAUGUGGGAUUAG
MIMAT0049008,hsa-miR-12114,CAGGUGGAGGUGUGAGGUC
MIMAT0049009,hsa-miR-12115,UAGUGGAGCUGGGAGGCAGCUCGG
MIMAT0049010,hsa-miR-12116,UUAGGCUUCCCCCUCCUCCUGC
MIMAT0049011,hsa-miR-12117,GAAGUGGAGCACAUCAGUGA
MIMAT0049012,hsa-miR-12118,CAAGGAGGAGCGGGGAUUAG
MIMAT0049013,hsa-miR-12119,UUCUGAGGGGACGGUAGAUUUGGGG
MIMAT0049014,hsa-miR-12120,UAAGGAACGCGGGGCCUUGGUAGAGC
MIMAT0049015,hsa-miR-12121,CUGCCACGAGCGUGCGGGCCU
MIMAT0049016,hsa-miR-12122,UGUCACAGAUGGCCGGAAGAGACUC
MIMAT0049017,hsa-miR-12123,UUAUUCAUUCACAAAAGCUUUA
MIMAT0049018,hsa-miR-12124,GAGGAAAUGCAGAUGCUGGA
MIMAT0049019,hsa-miR-12125,UCUCUCACCUGGCAUAAGCAAU
MIMAT0049020,hsa-miR-12126,GACUUGGGGACCAGACCUUUUCUU
MIMAT0049021,hsa-miR-12127,UAGAGGUUCUAAUGGUCCAGGGUUA
MIMAT0049022,hsa-miR-12128,UUCAGGGAUGGCGCAUGAAGAGGAGA
MIMAT0049023,hsa-miR-12129,GAUGUACUGAACUGGGUCAGAC
MIMAT0049024,hsa-miR-12130,CGGGUUGUACCUUUUUUGC
MIMAT0049025,hsa-miR-12131,UUUGGAGAGGUGUACUCCCA
MIMAT0049026,hsa-miR-12132,UAUUACUGUGAGAAUUAUGAUG
MIMAT0049027,hsa-miR-12133,CUUGGCACCAUUAAAAAGUACA
MIMAT0049031,hsa-miR-12135,UAAAGGUUUGUUUGUAAA
MIMAT0049032,hsa-miR-12136,GAAAAAGUCAUGGAGGCC
